id,brand_name,items_Decribtion,ratings,prices,Category
0,AMD,CORSAIR Vengeance RGB Pro 16GB (2 x 8GB) 288-Pin DDR4 SDRAM DDR4 3600 (PC4 28...,(1),"14,723.99",cpu
1,AMD,Kingston 16GB (2 x 8GB) 240-Pin DDR3 SDRAM DDR3L 1600 (PC3L 12800) Desktop Me...,(9),378.99,cpu
2,AMD,CORSAIR Vengeance LPX 32GB (4 x 8GB) 288-Pin DDR4 SDRAM DDR4 3200 (PC4 25600)...,(4),"2,834.99",cpu
3,AMD,CORSAIR Vengeance LPX 128GB (4 x 32GB) 288-Pin DDR4 SDRAM DDR4 3200 (PC4 2560...,(42),661.99,cpu
4,AMD,AMD Ryzen Threadripper 3990X 64-Core 2.9 GHz Socket sTRX4 280W 100-100000163WOF Desktop Processor,(691),"1,588.99",cpu
5,AMD,AMD Desktop Ryzen 5 1600 65W AM4 Processor with Wraith Stealth Cooler,(691),"1,323.99",cpu
6,AMD,AMD Ryzen 9 3950X 16-Core 3.5 GHz Socket AM4 105W 100-100000051WOF Desktop Processor,(691),812.99,cpu
7,AMD,AMD RYZEN 5 3600 6-Core 3.6 GHz (4.2 GHz Max Boost) Socket AM4 65W 100-100000031BOX Desktop Processor,(691),"1,134.99",cpu
8,AMD,AMD RYZEN 9 3900X 12-Core 3.8 GHz (4.6 GHz Max Boost) Socket AM4 105W 100-100000023BOX Desktop Processor,(691),"7,253.99",cpu
9,Intel,AMD RYZEN 7 3800X 8-Core 3.9 GHz (4.5 GHz Max Boost) Socket AM4 105W 100-100000025BOX Desktop Processor,(9),"1,247.99",cpu
10,AMD,AMD RYZEN 5 3600X 6-Core 3.8 GHz (4.4 GHz Max Boost) Socket AM4 95W 100-100000022BOX Desktop Processor,(74),359.99,cpu
11,Intel,AMD RYZEN 7 3700X 8-Core 3.6 GHz (4.4 GHz Max Boost) Socket AM4 65W 100-100000071BOX Desktop Processor,(59),907.99,cpu
12,Intel,AMD Ryzen Threadripper 3970X 32-Core 3.7 GHz Socket sTRX4 280W 100-100000011WOF Desktop Processor,(604),"1,486.99",cpu
13,Intel,Intel Core i7-9700F Coffee Lake 8-Core 3.0 GHz (4.7 GHz Turbo) LGA 1151 (300 Series) 65W BX80684i79700F Desktop Processor Without Graphics,(604),"2,078.99",cpu
14,Intel,AMD RYZEN 3 3200G 4-Core 3.6 GHz (4.0 GHz Max Boost) Socket AM4 65W YD3200C5FHBOX Desktop Processor,(604),321.99,cpu
15,Intel,Intel Core i5-9600K Coffee Lake 6-Core 3.7 GHz (4.6 GHz Turbo) LGA 1151 (300 Series) 95W BX80684I59600K Desktop Processor Intel UHD Graphics 630,(74),693.79,cpu
16,AMD,Intel Core i7-9700K Coffee Lake 8-Core 3.6 GHz (4.9 GHz Turbo) LGA 1151 (300 Series) 95W BX80684I79700K Desktop Processor Intel UHD Graphics 630,(42),301.99,cpu
17,Intel,"Intel Core i9-9900K Coffee Lake 8-Core, 16-Thread, 3.6 GHz (5.0 GHz Turbo) LGA 1151 (300 Series) 95W BX80684I99900K Desktop Processor Intel UHD Graphics 630",(40),750.99,cpu
18,Intel,Intel Core i3-9100F Coffee Lake 4-Core 3.6 GHz (4.2 GHz Turbo) LGA 1151 (300 Series) 65W BX80684i39100F Desktop Processor Without Graphics,(628),794.99,cpu
19,AMD,Intel Core I3-9350KF Coffee Lake 4-Core 4.0 GHz (4.6 GHz Turbo) LGA 1151 (300 Series) 91W BX80684I39350KF Desktop Processor Without Graphics,(42),"1,246.99",cpu
20,Intel,"AMD Athlon 240GE 2-Core, 4-Thread, 3.5 GHz Base, Socket AM4 35W YD240GC6FBBOX with Radeon Vega 3 Graphics Desktop Processor",(828),227.11,cpu
21,Intel,Intel Core i3-8350K Coffee Lake Quad-Core 4.0 GHz LGA 1151 (300 Series) 91W BX80684I38350K Desktop Processor Intel UHD Graphics 630,(233),491.99,cpu
22,Intel,Intel Core i5-9600KF Coffee Lake 6-Core 3.7 GHz (4.6 GHz Turbo) LGA 1151 (300 Series) 95W BX80684I59600KF Desktop Processor Without Graphics,(277),718.99,cpu
23,AMD,AMD RYZEN 7 1700 8-Core 3.0 GHz (3.7 GHz Turbo) Socket AM4 65W YD1700BBAEBOX Desktop Processor,(277),"3,721.99",cpu
24,AMD,Intel Pentium Gold G5400 Coffee Lake Dual-Core 3.7 GHz LGA 1151 (300 Series) 58W BX80684G5400 Desktop Processor Intel UHD Graphics 610,(43),"2,570.99",cpu
25,AMD,Intel Core i3-8100 Coffee Lake Quad-Core 3.6 GHz LGA 1151 (300 Series) 65W BX80684I38100 Desktop Processor Intel UHD Graphics 630,(43),"6,311.99",cpu
26,Intel,Intel Core i5-8400 Coffee Lake 6-Core 2.8 GHz (4.0 GHz Turbo) LGA 1151 (300 Series) 65W BX80684I58400 Desktop Processor Intel UHD Graphics 630,(43),238.46,cpu
27,AMD,"AMD 2nd Gen Ryzen Threadripper 24-Core, 48-Thread, 2970WX 4.2 GHz Max Boost (3.0 GHz Base), Socket sTR4 250W YD297XAZAFWOF Desktop Processor",(69),"1,058.99",cpu
28,Intel,"AMD 2nd Gen Ryzen Threadripper 2950X, 16-Core, 32-Thread, 4.4 GHz Max Boost (3.5 GHz Base), Socket sTR4 180W YD295XA8AFWOF Desktop Processor",(123),684.90,cpu
29,Intel,"AMD 2nd Gen RYZEN Threadripper 2990WX 32-Core, 64-Thread, 4.2 GHz Max Boost (3.0 GHz Base), Socket sTR4 250W YD299XAZAFWOF Desktop Processor",(74),,cpu
30,Intel,Intel Celeron G4920 Coffee Lake Dual-Core 3.2 GHz LGA 1151 (300 Series) 54W BX80684G4920 Desktop Processor Intel UHD Graphics 610,(69),"3,515.99",cpu
31,Intel,AMD 1st Gen RYZEN Threadripper 1920X 12-Core / 24 Threads 3.5 GHz Socket sTR4 180W YD192XA8AEWOF Desktop Processor,(16),822.99,cpu
32,AMD,Intel Core i5-9400F Coffee Lake 6-Core 2.9 GHz (4.1 GHz Turbo) LGA 1151 (300 Series) 65W BX80684I59400F Desktop Processor Without Graphics,(26),"1,019.99",cpu
33,Intel,Intel Celeron G3900 Skylake Dual-Core 2.8 GHz LGA 1151 51W BX80662G3900 Desktop Processor Intel HD Graphics 510,(544),"1,034.99",cpu
34,Intel,Intel Core i9-9940X Skylake X 14-Core 3.3 GHz (4.4 GHz Turbo) LGA 2066 165W BX80673I99940X Desktop Processor,(1),"1,239.73",cpu
35,AMD,Intel Core i5-9500 6-Core 3.0 GHz LGA 1151 (300 Series) 65W CM8068403362610 Desktop Processor Intel UHD Graphics 630 - OEM,(198),472.99,cpu
36,Intel,AMD Ryzen 5 2600X Socket AM4 OEM Processor - YD260XBCM6IAF,(42),918.38,cpu
37,AMD,"INTEL CM8068403654319 INTEL XEON E-2134 PROCESSOR (8M CACHE, 3.5 GHZ) LGA1151",(628),"1,021.99",cpu
38,Intel,Intel Core i5-9500 Coffee Lake 6-Core 3.0 GHz (4.4 GHz Turbo) LGA 1151 (300 Series) 65W BX80684i59500 Desktop Processor Intel UHD Graphics 630,(828),"1,736.26",cpu
39,Intel,AMD RYZEN 5 2600 6-Core 3.4 GHz (3.9 GHz Max Boost) Socket AM4 65W YD2600BBAFBOX Desktop Processor,(233),"4,901.99",cpu
40,Intel,CORSAIR Vengeance RGB Pro 16GB (2 x 8GB) 288-Pin DDR4 SDRAM DDR4 3600 (PC4 28...,(198),"6,381.99",cpu
41,Intel,Kingston 16GB (2 x 8GB) 240-Pin DDR3 SDRAM DDR3L 1600 (PC3L 12800) Desktop Me...,(198),259.74,cpu
42,Intel,CORSAIR Vengeance LPX 32GB (4 x 8GB) 288-Pin DDR4 SDRAM DDR4 3200 (PC4 25600)...,"(1,177)","1,111.19",cpu
43,Intel,CORSAIR Vengeance LPX 128GB (4 x 32GB) 288-Pin DDR4 SDRAM DDR4 3200 (PC4 2560...,(706),"13,739.99",cpu
44,AMD,Intel Core i5-7500 Kaby Lake Quad-Core 3.4 GHz LGA 1151 65W BX80677I57500 Desktop Processor,(706),"6,821.99",cpu
45,Intel,AMD RYZEN 5 3600X 6-Core 3.8 GHz (4.4 GHz Max Boost) Socket AM4 95W 100-100000022 Desktop Processor – OEM - OEM,(706),"9,074.99",cpu
46,AMD,Intel Core i7-9700KF Coffee Lake 8-Core 3.6 GHz (4.9 GHz Turbo) LGA 1151 (300 Series) 95W BX80684I79700KF Desktop Processor Without Graphics,(195),"1,542.38",cpu
47,Intel,Intel Xeon Gold 5122 4-Core Socket 3647 Processor CD8067303330702 - OEM/TRAY,(26),383.35,cpu
48,Intel,Intel Xeon 5220 18 Core 2.20 GHz Processor LGA-3647 CD8069504214601,(26),"1,405.54",cpu
49,Intel,"Intel Pentium Gold G5420 Coffee Lake Dual-Core, 4-Thread, 3.8 GHz LGA 1151 (300 Series) 54W BX80684G5420 Desktop Processor Intel UHD Graphics 610","(1,158)",562.71,cpu
50,AMD,Intel Core i5-8600K Coffee Lake 6-Core 3.6 GHz (4.3 GHz Turbo) LGA 1151 (300 Series) 95W BX80684I58600K Desktop Processor Intel UHD Graphics 630,(628),"3,015.99",cpu
51,Intel,Intel Corp. Xeon Gold 6150 Tray Processor (CD8067303328000),(121),"1,278.57",cpu
52,AMD,AMD EPYC 7371 16-Core 32-Thread SP3 Server Processor PS7371BDVGPAF - OEM/TRAY,(121),"1,054.83",cpu
53,AMD,Intel Xeon Gold 6234 8Core 3.30GHz Processor LGA-3647 OEM/4 Pack CD8069504283304,(121),829.06,cpu
54,AMD,AMD RYZEN 7 1700X 8-Core 3.4 GHz (3.8 GHz Turbo) Socket AM4 95W YD170XBCAEWOF Desktop Processor,(2),757.51,cpu
55,Intel,Intel Pentium G4500 Skylake Dual-Core 3.5 GHz LGA 1151 47W BX80662G4500 Desktop Processor Intel HD Graphics 530,(42),"2,529.59",cpu
56,Intel,Intel Core i7-7700 Kaby Lake Quad-Core 3.6 GHz LGA 1151 65W BX80677I77700 Desktop Processor,(26),"1,613.39",cpu
57,Intel,Intel Core i3-7100 Kaby Lake Dual-Core 3.9 GHz LGA 1151 51W BX80677I37100 Desktop Processor Intel HD Graphics 630,(198),675.30,cpu
58,Intel,AMD RYZEN 7 3700X 8-Core 3.6 GHz (4.4 GHz Max Boost) Socket AM4 65W 100-100000071 Desktop Processor - OEM,(619),"1,237.72",cpu
59,Intel,Intel Core i7-4790K Devil's Canyon Quad-Core 4.0 GHz LGA 1150 88W BX80646I74790K Desktop Processor Intel HD Graphics 4600,(694),"1,829.72",cpu
60,Intel,AMD RYZEN 5 1600X 6-Core 3.6 GHz (4.0 GHz Turbo) Socket AM4 95W YD160XBCAEWOF Desktop Processor,(16),"7,164.12",cpu
61,Intel,AMD RYZEN 5 1500X 4-Core 3.5 GHz (3.7 GHz Turbo) Socket AM4 65W YD150XBBAEBOX Desktop Processor,(71),"5,202.05",cpu
62,Intel,AMD RYZEN 5 1400 4-Core 3.2 GHz (3.4 GHz Turbo) Socket AM4 65W YD1400BBAEBOX Desktop Processor,(16),"8,577.40",cpu
63,AMD,Intel Core i7-6850K Broadwell-E 6-Core 3.6 GHz LGA 2011-V3 140W BX80671I76850K Desktop Processor,(1),389.99,cpu
64,Intel,Intel Core i7-9700 Coffee Lake 8-Core 3.0 GHz (4.7 GHz Turbo) LGA 1151 (300 Series) 65W BX80684I79700 Desktop Processor Intel UHD Graphics 630,(15),"1,986.42",cpu
65,Intel,Intel Core i3-9100 Coffee Lake 4-Core 3.6 GHz(4.2 GHz Turbo) LGA 1151 (300 Series) 65W BX80684I39100 Desktop Processor Intel UHD Graphics 630,(14),975.65,cpu
66,Intel,Intel Core i7-6700K 8M Skylake Quad-Core 4.0 GHz LGA 1151 91W BX80662I76700K Desktop Processor Intel HD Graphics 530,(8),851.94,cpu
67,Intel,Intel Core i7-8700K Coffee Lake 6-Core 3.7 GHz (4.7 GHz Turbo) LGA 1151 (300 Series) 95W BX80684I78700K Desktop Processor Intel UHD Graphics 630,(99),"2,120.70",cpu
68,Intel,Intel Core i9-7960X Skylake X 16-Core 2.8 GHz LGA 2066 165W BX80673I97960X Desktop Processor,(121),"1,728.98",cpu
69,Intel,Intel Core i9-7900X Skylake-X 10-Core 3.3 GHz LGA 2066 140W BX80673I97900X Desktop Processor,(15),"5,362.69",cpu
70,Intel,Intel Core i9-7980XE Skylake X 18-Core 2.6 GHz LGA 2066 165W BX80673I97980X Desktop Processor,(3),"1,623.44",cpu
71,Intel,Refurbished: NEVER USED AMD OEM TRAY FX-6300 Vishera 6-Core 3.5 GHz (4.1 GHz Turbo) Socket AM3+ 95W  Desktop Processor,(62),"2,891.75",cpu
72,Intel,"Intel Core i9-9900KF Coffee Lake 8-Core, 16-Thread, 3.6 GHz (5.0 GHz Turbo) LGA 1151 (300 Series) 95W BX80684I99900KF Desktop Processor Without Graphics",(1),"1,973.30",cpu
73,Intel,Intel Core i5-9400 Coffee Lake 6-Core 2.9 GHz (4.1 GHz Turbo) LGA 1151 (300 Series) 65W BX80684I59400 Desktop Processor Intel UHD Graphics 630,(8),202.63,cpu
74,Intel,Intel Core i5-7400 Kaby Lake Quad-Core 3.0 GHz LGA 1151 65W BX80677I57400 Desktop Processor,(4),"1,213.81",cpu
75,Intel,Intel Core i7-7700K Kaby Lake Quad-Core 4.2 GHz LGA 1151 91W BX80677I77700K Desktop Processor,(2),181.99,cpu
76,Intel,Intel Core i7-4770K Haswell Quad-Core 3.5 GHz LGA 1150 84W BX80646I74770K Desktop Processor Intel HD Graphics,(2),349.22,cpu
77,Intel,Intel Core i9-9920X Skylake X 12-Core 3.5 GHz (4.4 GHz Turbo) LGA 2066 165W BX80673I99920X Desktop Processor,(1),"4,232.86",cpu
78,Intel,Intel Core i7-6700 Skylake Quad-Core 3.4 GHz LGA 1151 65W BX80662I76700 Desktop Processor,(1),637.78,cpu
79,Intel,Intel Core i9-9820X Skylake X 10-Core 3.3 GHz (4.1 GHz Turbo) LGA 2066 165W BX80673I99820X Desktop Processor,(7),258.58,cpu
80,Intel,CORSAIR Vengeance RGB Pro 16GB (2 x 8GB) 288-Pin DDR4 SDRAM DDR4 3600 (PC4 28...,(3),192.99,cpu
81,AMD,Kingston 16GB (2 x 8GB) 240-Pin DDR3 SDRAM DDR3L 1600 (PC3L 12800) Desktop Me...,(1),"2,445.77",cpu
82,Intel,CORSAIR Vengeance LPX 32GB (4 x 8GB) 288-Pin DDR4 SDRAM DDR4 3200 (PC4 25600)...,(48),"1,086.23",cpu
83,Intel,CORSAIR Vengeance LPX 128GB (4 x 32GB) 288-Pin DDR4 SDRAM DDR4 3200 (PC4 2560...,(121),229.99,cpu
84,Intel,Intel Core i7-4790S Haswell Quad-Core 3.2 GHz LGA 1150 65W BX80646I74790S Desktop Processor Intel HD Graphics 4600,,"3,907.34",cpu
85,Intel,Intel Celeron G4930 Coffee Lake Dual-Cor 3.2 GHz LGA 1151 (300 Series) 54W BX80684G4930 Desktop Processor Intel UHD Graphics 610,,390.87,cpu
86,AMD,Intel Core i5-7640X Kaby Lake-X Quad-Core 4.0 GHz LGA 2066 112W BX80677I57640X Desktop Processor,,150.00,cpu
87,Intel,Refurbished: Intel E8500 Wolfdale Dual-Core 3.167 GHz LGA 775 65W AT80570PJ0876M Desktop Processor,,247.47,cpu
88,AMD,Intel Core i3-4130 Haswell Dual-Core 3.4 GHz LGA 1150 54W BX80646I34130 Desktop Processor Intel HD Graphics 4400,,189.42,cpu
89,AMD,Intel Core i9-7920X Skylake X 12-Core 2.9 GHz LGA 2066 140W BX80673I97920X Desktop Processor,,41.26,cpu
90,AMD,Intel Core i3-4340 Haswell Dual-Core 3.6 GHz LGA 1150 54W BX80646I34340 Desktop Processor Intel HD Graphics 4600,,59.97,cpu
91,AMD,Intel Celeron G1820 Processor 2.7GHz LGA1150 CPU with Air CPU Cooler OEM,,234.44,cpu
92,AMD,Refurbished: Intel Wolfdale Dual-Core 2.93 GHz LGA 775 65W Desktop ProcessorAT80571PH0773M never used. Replacement only.,,112.49,cpu
93,AMD,AMD Ryzen 9 3900X Matisse 12-Core 3.8 GHz Socket AM4 105W 100-100000023BOX Desktop Processor,,275.70,cpu
94,AMD,Intel Core i5-7500T Quad-core (4 Core) 2.70 GHz Processor - Socket H4 LGA-1151 Retail Pack - 1MB - 6MB Cache - 8 GT/s DMI - 64-bit Processing - 3.30 GHz Overclocking Speed - 14 nm,,48.72,cpu
95,AMD,Refurbished: Intel Pentium G2140 Ivy Bridge Dual-Core 3.3 GHz LGA 1155 55W Desktop Processor Intel HD Graphics,,63.76,cpu
96,Intel,"INTEL XEON PROCESSOR E5-2640 V4 (25M CACHE, 2.40 GHZ)",,159.11,cpu
97,Intel,Intel Optane M.2 2280 32GB PCIe NVMe 3.0 x2 Memory Module/System Accelerator MEMPEK1W032GAXT,,"1,014.82",cpu
98,AMD,Refurbished: AMD Phenom II X4 960T Zosma Quad-Core 3.0GHz (3.4GHz Turbo Boost) Socket AM3 95W HD96ZTWFK4DGR Desktop Processor,,131.28,cpu
99,AMD,Refurbished: Intel Core i5-2400 Sandy Bridge Quad-Core 3.1 GHz (3.4 GHz Turbo Boost) LGA 1155 95W Desktop Processor Like New,,48.72,cpu
100,AMD,Refurbished: AMD A10-5800K Trinity Quad-Core 3.8 GHz Socket FM2 AD580KWOA44HJ Desktop Processor,,70.82,cpu
101,AMD,Refurbished: AMD Athlon II X2 245 Regor Dual-Core 2.9 GHz Socket AM3 65W ADX245OCK23GM Desktop Processor - OEM Grade A,,55.81,cpu
102,AMD,Refurbished: AMD Athlon II X3 440 Rana Triple-Core 3.0 GHz Socket AM3 95W ADX440WFK32GM Desktop Processors,,37.47,cpu
103,AMD,Refurbished: AMD AD7600YBJABOX A8-7600 Socket FM2+ Kaveri Quad-Core 3.1GHz CPU Processor,,97.34,cpu
104,AMD,Refurbished: AMD Athlon II X4 620 Propus Quad-Core 2.6 GHz Socket AM3 95W ADX620WFK42GI DesktopProcessor,,37.47,cpu
105,AMD,Refurbished: AMD Phenom II X6 1055T Thuban 6-Core 2.8GHz (3.3GHz Turbo Boost) Socket AM3 95W HDT55TWFK6DGR Desktop Processor,,89.83,cpu
106,AMD,Refurbished: AMD Athlon 64 X2 4000+ Brisbane Dual-Core 2.1 GHz Socket AM2 65W ADO4000IAA5DD Processor,,150.00,cpu
107,AMD,Refurbished: AMD Athlon II X 260 Regor Dual-Core 3.2 GHz Socket AM3 65W ADX260OCK23GM Desktop Processor,,84.39,cpu
108,AMD,Refurbished: Intel Celeron G1820 Processor 2.7GHz 5.0GT/s 2MB LGA 1150 CPU BX80646G1820,,84.39,cpu
109,AMD,Refurbished: Intel Core i5-7640X X-Series Processor 4 Cores up to 4.2 GHz Turbo Unlocked LGA2066 X299 Series 112W,,131.28,cpu
110,AMD,Refurbished: AMD Athlon II X4 650 Propus Quad-Core 3.2 GHz Socket AM3 95W ADX650WFK42GM Desktop Processor,,105.03,cpu
111,AMD,Refurbished: AMD Athlon 64 X2 4800+ Brisbane Dual-Core 2.5 GHz Socket AM2 65W ADO4800IAA5DO Processor,,48.72,cpu
112,AMD,Refurbished: AMD Athlon 64 X2 5400+ Brisbane Dual-Core 2.8 GHz Socket AM2 65W ADO5400IAA5DO Desktop Processor,,74.98,cpu
113,AMD,Refurbished: AMD Athlon II X2 255 Regor Dual-Core 3.1 GHz Socket AM3 65W ADX2550CK23GM Desktop Processor,,37.47,cpu
114,AMD,Refurbished: AMD Athlon II X2 220 Regor Dual-Core 2.8 GHz Socket AM3 65W ADX220OCK22GM Desktop Processor,,48.72,cpu
115,Intel,Refurbished: AMD Phenom 9650 Agena Quad-Core 2.3 GHz Socket AM2+ HD9650WCJ4BGH Desktop Processor,,183.75,cpu
116,AMD,Refurbished: AMD Phenom 8650 Toliman Triple-Core 2.3 GHz Socket AM2+ 95W HD8650WCJ3BGH Desktop Processor,,302.99,cpu
117,Intel,Refurbished: AMD Phenom 9600 Agena Quad-Core 2.3 GHz Socket AM2+ HD960ZWCJ4BGD Desktop Processor,,"2,758.87",cpu
118,Intel,Refurbished: AMD Phenom X4 9750 Agena Quad-Core 2.4 GHz Socket AM2+ 95W HD9750WCJ4BGH Desktop Processor,,"2,575.55",cpu
119,,Refurbished: AMD Phenom X4 9550 Agena Quad-Core 2.2 GHz Socket AM2+ 95W HD9550WCJ4BGH Desktop Processor,,,cpu
120,,CORSAIR Vengeance RGB Pro 16GB (2 x 8GB) 288-Pin DDR4 SDRAM DDR4 3600 (PC4 28...,,,cpu
121,,Kingston 16GB (2 x 8GB) 240-Pin DDR3 SDRAM DDR3L 1600 (PC3L 12800) Desktop Me...,,,cpu
122,,CORSAIR Vengeance LPX 32GB (4 x 8GB) 288-Pin DDR4 SDRAM DDR4 3200 (PC4 25600)...,,,cpu
123,,CORSAIR Vengeance LPX 128GB (4 x 32GB) 288-Pin DDR4 SDRAM DDR4 3200 (PC4 2560...,,,cpu
124,,Refurbished: AMD Phenom X4 9500 Agena Quad-Core 2.2 GHz Socket AM2+ 95W HD9500WCJ4BGD Desktop Processor,,,cpu
125,,Refurbished: AMD Phenom II X4 830 Deneb Quad-Core 2.8 GHz Socket AM3 95W HDX830WFK4DGM Desktop Processor,,,cpu
126,,Refurbished: AMD Phenom II X4 820 Deneb Quad-Core 2.8 GHz Socket AM3 95W HDX820WFK4FGI Desktop Processor,,,cpu
127,,Refurbished: AMD Athlon 64 X2 4400+ Brisbane Dual-Core 2.3 GHz Socket AM2 ADO4400IAA5DD Processor,,,cpu
128,,Refurbished: AMD Athlon II X2 245e Regor Dual-Core 2.9 GHz Socket AM3 45W AD245EHDK23GM Desktop Processor,,,cpu
129,,Refurbished: AMD Phenom 8450 Toliman Triple-Core 2.1 GHz Socket AM2+ HD8450WCJ3BGH Desktop Processor,,,cpu
130,,Refurbished: AMD Athlon 64 X2 4200+ Brisbane Dual-Core 2.2 GHz Socket AM2 ADO4200IAA5DD Desktop Processor,,,cpu
131,,Refurbished: Intel Core 2 Duo E7200 Wolfdale-3M Dual-Core 2.53 GHz LGA 775 65W SLAPC Desktop Processor,,,cpu
132,,AMD A8-9600 Bristol Ridge Quad-Core 3.1 GHz Socket AM4 65W AD9600AGABBOX Desktop Processor Radeon R7,,,cpu
133,,Intel Core i7-7820X Skylake-X 8-Core 3.6 GHz LGA 2066 140W BX80673I77820X Desktop Processor,,,cpu
134,,Intel Xeon W2133 Processor Tray CD8067303533204,,,cpu
0,Sapphire Tech,CORSAIR Vengeance RGB Pro 16GB (2 x 8GB) 288-Pin DDR4 SDRAM DDR4 3600 (PC4 28...,(1),"1,058.99",gpu
1,MSI,Kingston 16GB (2 x 8GB) 240-Pin DDR3 SDRAM DDR3L 1600 (PC3L 12800) Desktop Me...,(2),"1,542.99",gpu
2,GIGABYTE,CORSAIR Vengeance LPX 32GB (4 x 8GB) 288-Pin DDR4 SDRAM DDR4 3200 (PC4 25600)...,(5),"1,096.99",gpu
3,Sapphire Tech,CORSAIR Vengeance LPX 128GB (4 x 32GB) 288-Pin DDR4 SDRAM DDR4 3200 (PC4 2560...,(11),586.99,gpu
4,EVGA,SAPPHIRE PULSE Radeon RX 5600 XT DirectX 12 100419P6GL 6GB 192-Bit GDDR6 PCI Express 4.0 ATX Video Card,(1),"1,208.99",gpu
5,ASRock,MSI GeForce RTX 2070 DirectX 12 RTX 2070 TRI FROZR 8GB 256-Bit GDDR6 PCI Express 3.0 x16 HDCP Ready Video Card,(20),756.99,gpu
6,GIGABYTE,GIGABYTE Radeon RX 5600 XT DirectX 12 GV-R56XTGAMING OC-6G 6GB 192-Bit GDDR6 PCI Express 4.0 x16 ATX Video Card,(3),453.99,gpu
7,ASRock,SAPPHIRE PULSE Radeon RX 570 DirectX 12 11266-66-20G 8GB 256-Bit GDDR5 PCI Express 3.0 CrossFireX Support Video Card,(2),"1,021.99",gpu
8,EVGA,"EVGA GeForce RTX 2060 KO ULTRA GAMING Video Card, 06G-P4-2068-KR, 6GB GDDR6, Dual Fans, Metal Backplate",(2),"1,511.99",gpu
9,MSI,"ASRock Phantom Gaming D Radeon RX 5500 XT 8G OC Video Card, RX5500XT PGD 8GO",(2),754.99,gpu
10,EVGA,GIGABYTE Radeon RX 570 DirectX 12 GV-RX570GAMING-4GD REV2.0 4GB 256-Bit GDDR5 PCI Express 3.0 x16 ATX Video Card,(1),794.99,gpu
11,MSI,ASRock Challenger D Radeon RX 5600 XT DirectX 12 RX5600XT CLD 6GO 6GB 192-Bit GDDR6 PCI Express 4.0 x16 HDCP Ready Video Card,(1),"1,586.99",gpu
12,GIGABYTE,"EVGA GeForce RTX 2060 SUPER SC BLACK GAMING Video Card, 08G-P4-3062-KR, 8GB GDDR6, Dual Fans",(2),"1,511.99",gpu
13,GIGABYTE,MSI Radeon RX 5500 XT DirectX 12 RX 5500 XT MECH 8G OC 8GB 128-Bit GDDR6 PCI Express 4.0 HDCP Ready Video Card,(18),"2,795.99",gpu
14,Sapphire Tech,"EVGA GeForce GTX 1660 BLACK GAMING Video Card, 06G-P4-1160-KR, 6GB GDDR5, Single Fan",(2),"1,624.99",gpu
15,MSI,MSI GeForce RTX 2070 DirectX 12 RTX 2070 VENTUS GP 8GB 256-Bit GDDR6 PCI Express 3.0 x16 HDCP Ready Video Card,(103),"2,022.99",gpu
16,GIGABYTE,"GIGABYTE GeForce RTX 2070 WINDFORCE 8G (Rev 3.0) Graphics Card, 2 x WINDFORCE Fans, 8GB 256-Bit GDDR6, GV-N2070WF2-8GD (Rev 3.0) Video Card",(34),868.99,gpu
17,Sapphire Tech,"GIGABYTE GeForce RTX 2080 SUPER GAMING OC WHITE 8G Graphics Card, 3 x WINDFORCE Fans, 8GB 256-Bit GDDR6, GV-N208SGAMINGOC WHITE-8GD Video Card",(1),"1,700.99",gpu
18,MSI,SAPPHIRE NITRO+ Radeon RX 5700 XT 100416NT+8GSR 8GB 256-Bit GDDR6 PCI Express 4.0 x16 ATX Video Card,(14),679.99,gpu
19,GIGABYTE,MSI GeForce RTX 2070 SUPER DirectX 12 RTX 2070 Super GAMING X 8GB 256-Bit GDDR6 PCI Express 3.0 x16 HDCP Ready SLI Support Video Card,(1),791.99,gpu
20,MSI,"GIGABYTE GeForce GTX 1660 SUPER MINI ITX OC 6G Graphics Card, 170mm Compact Size, 6GB 192-Bit GDDR6, GV-N166SIXOC-6GD Video Card",(4),680.99,gpu
21,GIGABYTE,"SAPPHIRE NITRO+ Radeon RX 5700 XT DirectX 12 100416NT+SESR 8GB 256-Bit GDDR6 PCI Express 4.0 x16 ATX Video Card, SPECIAL EDITION",(6),"1,058.99",gpu
22,Sapphire Tech,MSI Radeon RX 5500 XT DirectX 12 RX 5500 XT MECH 4G OC 4GB 128-Bit GDDR6 PCI Express 4.0 HDCP Ready Video Card,(40),"1,548.99",gpu
23,GIGABYTE,GIGABYTE Radeon RX 5500 XT DirectX 12 GV-R55XTOC-8GD 8GB 128-Bit GDDR6 PCI Express 4.0 x16 ATX Video Card,(72),604.99,gpu
24,Sapphire Tech,MSI GeForce GTX 1650 SUPER DirectX 12 GTX 1650 Super Gaming X 4GB 128-Bit GDDR6 PCI Express 3.0 x16 HDCP Ready Video Card,(12),680.99,gpu
25,MSI,"GIGABYTE GeForce GTX 1660 Ti OC 6G Graphics Card, 2 x WINDFORCE Fans, 6GB 192-Bit GDDR6, GV-N166TOC-6GD Video Card",(2),"1,246.99",gpu
26,MSI,SAPPHIRE PULSE Radeon RX 5700 XT 100416P8GL 8GB 256-Bit GDDR6 PCI Express 4.0 x16 ATX Video Card,(69),"1,431.99",gpu
27,MSI,"GIGABYTE GeForce GTX 1650 OC 4G Graphics Card, 2 x WINDFORCE Fans, 4GB 128-Bit GDDR5, GV-N1650OC-4GD Video Card",(62),"1,504.99",gpu
28,GIGABYTE,SAPPHIRE PULSE Radeon RX 5500 XT DirectX 12 100418P4GL 4GB 128-Bit GDDR6 PCI Express 4.0 ATX Video Card,(1),831.99,gpu
29,ASRock,MSI GeForce GTX 1660 Ti DirectX 12 GTX 1660 TI GAMING X 6G 6GB 192-Bit GDDR6 PCI Express 3.0 x16 HDCP Ready Video Card,(2),"1,095.99",gpu
30,MSI,MSI GeForce RTX 2060 DirectX 12 RTX 2060 GAMING Z 6G 6GB 192-Bit GDDR6 PCI Express 3.0 x16 HDCP Ready Video Card,(1),"1,625.99",gpu
31,GIGABYTE,MSI GeForce RTX 2060 SUPER DirectX 12 RTX 2060 SUPER VENTUS GP OC 8GB 256-Bit GDDR6 PCI Express 3.0 x16 HDCP Ready Video Card,(24),907.99,gpu
32,EVGA,GIGABYTE Radeon RX 5500 XT DirectX 12 GV-R55XTGAMING OC-8GD 8GB 128-Bit GDDR6 PCI Express 4.0 x16 ATX Video Card,(6),"4,156.99",gpu
33,GIGABYTE,ASRock Phantom Gaming D3 Radeon RX 5600 XT DirectX 12 RX5600XT PGD3 6GO 6GB 192-Bit GDDR6 PCI Express 4.0 x16 HDCP Ready Video Card,(49),907.99,gpu
34,Sapphire Tech,MSI Radeon RX 5700 XT DirectX 12 RX 5700 XT GAMING X 8GB 256-Bit GDDR6 PCI Express 4.0 HDCP Ready CrossFireX Support Video Card,(13),"1,058.99",gpu
35,MSI,GIGABYTE GeForce GTX 1660 SUPER DirectX 12 GV-N166SOC-6GD 6GB 192-Bit GDDR6 PCI Express 3.0 x16 ATX Video Card,(2),605.99,gpu
36,EVGA,"EVGA GeForce RTX 2080 Ti DirectX 12 11G-P4-2281-KR 11GB 352-Bit GDDR6 PCI Express 3.0 HDCP Ready SLI Support BLACK EDITION GAMING Video Card, Dual HDB Fans & RGB LED",(7),"2,192.99",gpu
37,ASUS,"GIGABYTE GeForce GTX 1660 GAMING OC 6G Graphics Card, 3 x WINDFORCE Fans, 6GB 192-Bit GDDR5, GV-N1660GAMING OC-6GD Video Card",(1),"1,587.99",gpu
38,MSI,SAPPHIRE Radeon RX 5600 XT 11296-01-20G 6GB GDDR6 PCI Express 4.0 x16 Video Card,(8),681.99,gpu
39,EVGA,MSI GeForce GTX 1650 DirectX 12 GTX 1650 4GT LP OC 4GB 128-Bit GDDR5 PCI Express 3.0 x16 HDCP Ready Low Profile Video Card,(33),"2,833.99",gpu
40,MSI,CORSAIR Vengeance RGB Pro 16GB (2 x 8GB) 288-Pin DDR4 SDRAM DDR4 3600 (PC4 28...,(3),"1,435.99",gpu
41,ASRock,Kingston 16GB (2 x 8GB) 240-Pin DDR3 SDRAM DDR3L 1600 (PC3L 12800) Desktop Me...,(27),"1,626.99",gpu
42,ASRock,CORSAIR Vengeance LPX 32GB (4 x 8GB) 288-Pin DDR4 SDRAM DDR4 3200 (PC4 25600)...,(30),"1,511.99",gpu
43,GIGABYTE,CORSAIR Vengeance LPX 128GB (4 x 32GB) 288-Pin DDR4 SDRAM DDR4 3200 (PC4 2560...,(22),"1,699.99",gpu
44,EVGA,"EVGA GeForce RTX 2070 SUPER XC ULTRA+ Video Card, OVERCLOCKED, 2.75-Slot Extreme Cool Dual, 70C Gaming, RGB, Metal Backplate, 08G-P4-3175-KR, 8GB 15.5 GHz GDDR6",(18),"2,343.99",gpu
45,GIGABYTE,ASUS ROG STRIX GeForce RTX 2060 DirectX 12 ROG-STRIX-RTX2060-O6G-GAMING 6GB 192-Bit GDDR6 PCI Express 3.0 HDCP Ready Video Card,(10),"1,889.99",gpu
46,GIGABYTE,MSI Radeon RX 580 DirectX 12 RX 580 ARMOR X 8GB 256-Bit GDDR5 PCI Express x16 HDCP Ready CrossFireX Support Video Card,(5),"1,586.99",gpu
47,EVGA,"EVGA GeForce RTX 2080 SUPER XC ULTRA GAMING Video Card, 08G-P4-3183-KR, 8GB GDDR6, RGB LED, Metal Backplate",(54),679.99,gpu
48,EVGA,MSI Radeon RX 5700 XT DirectX 12 RX 5700 XT EVOKE OC 8GB 256-Bit GDDR6 PCI Express 4.0 HDCP Ready CrossFireX Support Video Card,(121),906.99,gpu
49,ASUS,ASRock Radeon RX 5700 XT DirectX 12 RX 5700 XT TAICHI X 8G OC+ 8GB 256-Bit GDDR6 PCI Express 4.0 HDCP Ready Video Card,(4),"1,587.99",gpu
50,GIGABYTE,"ASRock Phantom Gaming D Radeon RX 5700 XT 8G OC Video Card, RX5700XT PGD 8GO",(15),"2,795.99",gpu
51,GIGABYTE,"GIGABYTE AORUS Radeon RX 5700 XT 8G Graphics Card, PCIe 4.0, 8GB 256-Bit GDDR6, GV-R57XTAORUS-8GD Video Card",(2),"1,360.99",gpu
52,GIGABYTE,"EVGA GeForce RTX 2070 SUPER FTW3 ULTRA+ Video Card, OVERCLOCKED, 2.75 Slot Extreme Cool Triple + iCX2, 65C Gaming, RGB, Metal Backplate, 08G-P4-3377-KR, 8GB 15.5 GHz GDDR6",(3),"2,040.99",gpu
53,EVGA,"GIGABYTE GeForce RTX 2070 Super WINDFORCE OC 3X 8G Graphics Card, 3 x WINDFORCE Fans, 8GB 256-Bit GDDR6, GV-N207SWF3OC-8GD Video Card",(9),"2,758.99",gpu
54,MSI,"GIGABYTE Radeon RX 5700 XT GAMING OC 8G Graphics Card, PCIe 4.0, 8GB 256-Bit GDDR6, GV-R57XTGAMING OC-8GD Video Card",(44),907.99,gpu
55,GIGABYTE,"EVGA GeForce GTX 1650 XC Ultra GAMING Video Card, 04G-P4-1157-KR, 4GB GDDR5",(18),"3,174.99",gpu
56,MSI,"EVGA GeForce GTX 1660 SUPER SC ULTRA GAMING, 06G-P4-1068-KR, 6GB GDDR6, Dual Fan, Metal Backplate",(20),944.99,gpu
57,MSI,ASUS Dual GeForce RTX 2070 DirectX 12 DUAL-RTX2070-O8G-MINI 8GB 256-Bit GDDR6 PCI Express 3.0 HDCP Ready Video Card,(10),"1,258.99",gpu
58,MSI,"GIGABYTE GeForce RTX 2080 Super GAMING OC 8G (Rev 2.0) Graphics Card, 3 x WINDFORCE Fans, 8GB 256-Bit GDDR6, GV-N208SGAMING OC-8GC Video Card",(10),"1,209.99",gpu
59,MSI,"GIGABYTE Radeon RX 5700 GAMING OC 8G Graphics Card, PCIe 4.0, 8GB 256-Bit GDDR6, GV-R57GAMING OC-8GD Video Card",(7),"2,381.00",gpu
60,EVGA,"GIGABYTE GeForce RTX 2070 Super GAMING OC 3X 8G Graphics Card, 3 x WINDFORCE Fans, 8GB 256-Bit GDDR6, GV-N207SGAMING OC-8GD Video Card",(10),"2,948.99",gpu
61,MSI,"EVGA GeForce RTX 2080 SUPER XC GAMING Video Card, 08G-P4-3182-KR, 8GB GDDR6, RGB LED, Metal Backplate",(26),"1,096.99",gpu
62,EVGA,MSI GeForce GTX 1660 SUPER DirectX 12 GTX 1660 SUPER VENTUS XS OC 6GB 192-Bit GDDR6 PCI Express 3.0 x16 HDCP Ready Video Card,(12),907.99,gpu
63,GIGABYTE,GIGABYTE AORUS GeForce RTX 2080 SUPER DirectX 12 GV-N208SAORUS W-8GC 8GB 256-Bit GDDR6 PCI Express 3.0 x16 SLI Support ATX Video Card,(3),868.99,gpu
64,EVGA,MSI GeForce GTX 1660 DirectX 12 GTX 1660 GAMING X 6G 6GB 192-Bit GDDR5 PCI Express 3.0 x16 HDCP Ready Video Card,(14),"3,059.99",gpu
65,ASUS,MSI Radeon RX 5700 DirectX 12 RX 5700 EVOKE OC 8GB 256-Bit GDDR6 PCI Express 4.0 HDCP Ready CrossFireX Support Video Card,(27),867.99,gpu
66,EVGA,MSI Radeon RX 5700 DirectX 12 RX 5700 MECH OC 8GB 256-Bit GDDR6 PCI Express 4.0 HDCP Ready CrossFireX Support Video Card,(11),"1,379.99",gpu
67,GIGABYTE,MSI GeForce RTX 2080 DirectX 12 RTX 2080 VENTUS 8G OC 8GB 256-Bit GDDR6 PCI Express 3.0 x16 HDCP Ready SLI Support Video Card,(1),"1,208.99",gpu
68,EVGA,"EVGA GeForce RTX 2080 SUPER FTW3 ULTRA GAMING Video Card, 08G-P4-3287-KR, 8GB GDDR6, iCX2 Technology, RGB LED, Metal Backplate",(13),"2,683.99",gpu
69,GIGABYTE,MSI Radeon RX 5600 XT DirectX 12 RX 5600 XT MECH OC 6GB 192-Bit GDDR6 PCI Express 4.0 HDCP Ready Video Card,(28),"3,167.99",gpu
70,MSI,"EVGA GeForce GTX 1660 SC ULTRA GAMING, 06G-P4-1067-KR, 6GB GDDR5, Dual Fan, Metal Backplate",(10),"4,270.99",gpu
71,MSI,"GIGABYTE GeForce GTX 1660 OC 6G Graphics Card, 2 x WINDFORCE Fans, 6GB 192-Bit GDDR5, GV-N1660OC-6GD Video Card",(4),"1,359.99",gpu
72,ASRock,"EVGA GeForce RTX 2080 SUPER FTW3 HYBRID GAMING Video Card, 08G-P4-3288-KR, 8GB GDDR6, RGB LED Logo, iCX2 Technology, Metal Backplate",(15),679.99,gpu
73,GIGABYTE,ASUS GeForce GTX 1660 SUPER Overclocked 6GB Phoenix Fan Edition HDMI DP DVI Graphics Card (PH-GTX1660S-O6G),(68),"1,587.99",gpu
74,GIGABYTE,"EVGA GeForce RTX 2060 XC BLACK GAMING, 6GB GDDR6, HDB Fan Graphics Card 06G-P4-2061-KR",(1),"2,721.99",gpu
75,GIGABYTE,"GIGABYTE Geforce RTX 2060 OC GG Graphics Card, 2 x WINDFORCE Fans, 6GB 192-Bit GDDR6, GV-N2060OC-6GD  Video Card",(2),"2,039.99",gpu
76,EVGA,"EVGA GeForce RTX 2080 FTW3 ULTRA HYBRID GAMING, 08G-P4-2284-KR, 8GB GDDR6, RGB LED & iCX2 Technology",(3),868.99,gpu
77,ASRock,GIGABYTE AORUS GeForce RTX 2080 SUPER DirectX 12 GV-N208SAORUS WB-8GC 8GB 256-Bit GDDR6 PCI Express 3.0 x16 SLI Support ATX Video Card,(10),"1,435.99",gpu
78,ASUS,MSI GeForce RTX 2080 Ti DirectX 12 RTX 2080 TI VENTUS 11G OC 11GB 352-Bit GDDR6 PCI Express 3.0 x16 HDCP Ready SLI Support Video Card,(5),"1,368.14",gpu
79,ASUS,MSI GeForce RTX 2060 DirectX 12 RTX 2060 VENTUS 6G OC 6GB 192-Bit GDDR6 PCI Express 3.0 x16 HDCP Ready Video Card,(10),"1,245.99",gpu
80,GIGABYTE,CORSAIR Vengeance RGB Pro 16GB (2 x 8GB) 288-Pin DDR4 SDRAM DDR4 3600 (PC4 28...,(61),"2,229.99",gpu
81,ASUS,Kingston 16GB (2 x 8GB) 240-Pin DDR3 SDRAM DDR3L 1600 (PC3L 12800) Desktop Me...,(4),"1,699.99",gpu
82,ASUS,CORSAIR Vengeance LPX 32GB (4 x 8GB) 288-Pin DDR4 SDRAM DDR4 3200 (PC4 25600)...,(1),"2,757.99",gpu
83,MSI,CORSAIR Vengeance LPX 128GB (4 x 32GB) 288-Pin DDR4 SDRAM DDR4 3200 (PC4 2560...,(24),"1,057.99",gpu
84,EVGA,ASRock Challenger D Radeon RX 5500 XT DirectX 12 RX5500XT CLD 4GO 4GB 128-Bit GDDR6 PCI Express 4.0 x8 HDCP Ready Video Card,(3),"6,610.99",gpu
85,MSI,GIGABYTE GeForce RTX 2060 SUPER DirectX 12 GV-N206SGAMINGOC WHITE-8GD REV2.0 8GB 256-Bit GDDR6 PCI Express 3.0 x16 ATX Video Card,(8),"1,473.99",gpu
86,ASUS,"GIGABYTE GeForce RTX 2080 Super WINDFORCE OC 8G Graphics Card, 3 x WINDFORCE Fans, 8GB 256-Bit GDDR6, GV-N208SWF3OC-8GD Video Card",(44),"4,838.99",gpu
87,MSI,GIGABYTE GeForce RTX 2070 SUPER DirectX 12 GV-N207SGAMINGOC WHITE-8GD 8GB 256-Bit GDDR6 PCI Express 3.0 x16 SLI Support ATX Video Card,(7),"1,927.99",gpu
88,EVGA,"EVGA GeForce GTX 1660 XC Black GAMING, 06G-P4-1161-KR, 6GB GDDR5, HDB Fan",(35),"2,645.99",gpu
89,ASUS,ASRock Radeon RX 5700 XT DirectX 12 RX 5700 XT CHALLENGER D 8G OC 8GB 256-Bit GDDR6 PCI Express 4.0 HDCP Ready Video Card,(74),"1,474.99",gpu
90,MSI,ASUS Turbo GeForce RTX 2060 DirectX 12 TURBO-RTX2060-6G 6GB 192-Bit GDDR6 PCI Express 3.0 HDCP Ready Video Card,(35),"4,666.00",gpu
91,MSI,ASUS ROG STRIX Radeon RX 5600 XT ROG-STRIX-RX5600XT-O6G-GAMING 6GB 192-Bit GDDR6 PCI Express 4.0 HDCP Ready CrossFireX Support Video Card,(8),"1,247.99",gpu
92,EVGA,"GIGABYTE AORUS GeForce RTX 2070 Super 8G Graphics Card, WINDFORCE Stack, 8GB 256-Bit GDDR6, GV-N207SAORUS-8GC Video Card",(3),"1,776.99",gpu
93,EVGA,ASUS ROG STRIX GeForce RTX 2060 SUPER DirectX 12 ROG-STRIX-RTX2060S-A8G-GAMING 8GB 256-Bit GDDR6 PCI Express 3.0 HDCP Ready Video Card,(37),"2,191.99",gpu
94,ASUS,ASUS GeForce RTX 2080 SUPER Overclocked 8G GDDR6 Dual-Fan EVO Edition VR Ready HDMI DisplayPort 1.4 Graphics Card (DUAL-RTX2080S-O8G-EVO),(12),"1,454.40",gpu
95,MSI,MSI GeForce GTX 1660 Ti DirectX 12 GTX 1660 TI VENTUS XS 6G OC 6GB 192-Bit GDDR6 PCI Express 3.0 x16 HDCP Ready Video Card,(12),"1,624.99",gpu
96,EVGA,"EVGA GeForce RTX 2080 Ti K|NGP|N GAMING, 11G-P4-2589-KR, 11GB GDDR6, iCX2 Technology, OLED Display, Metal Backplate",(9),"1,209.99",gpu
97,GIGABYTE,MSI Radeon RX 5700 XT DirectX 12 RX 5700 XT MECH OC 8GB 256-Bit GDDR6 PCI Express 4.0 HDCP Ready CrossFireX Support Video Card,(6),"1,511.99",gpu
98,MSI,ASUS ROG Strix GeForce RTX 2080 Ti DirectX 12 ROG-STRIX-RTX2080TI-O11G-GAMING 11GB 352-Bit GDDR6 PCI Express 3.0 HDCP Ready SLI Support Video Card,(8),"1,625.99",gpu
99,EVGA,MSI GeForce RTX 2070 SUPER DirectX 12 RTX 2070 SUPER VENTUS OC 8GB 256-Bit GDDR6 PCI Express 3.0 x16 HDCP Ready SLI Support Video Card,(3),"2,984.99",gpu
100,EVGA,"EVGA GeForce RTX 2080 XC HYBRID GAMING Video Card, 08G-P4-2184-KR, 8GB GDDR6, HYBRID & RGB LED Logo",(7),"5,669.99",gpu
101,ASUS,ASUS ROG STRIX GeForce RTX 2060 DirectX 12 ROG-STRIX-RTX2060-A6G-GAMING 6GB 192-Bit GDDR6 PCI Express 3.0 HDCP Ready Video Card,(17),"1,508.99",gpu
102,ASUS,MSI GeForce RTX 2080 TI GAMING X TRIO Video Card,(5),907.99,gpu
103,Sapphire Tech,MSI GeForce RTX 2060 DirectX 12 RTX 2060 VENTUS XS 6G OC 6GB 192-Bit GDDR6 PCI Express 3.0 x16 HDCP Ready Video Card,(23),680.99,gpu
104,MSI,"EVGA GeForce RTX 2060 SUPER XC ULTRA GAMING, 08G-P4-3163-KR, 8GB GDDR6, Dual HDB Fans, RGB LED, Metal Backplate",(9),718.99,gpu
105,MSI,"EVGA GeForce RTX 2070 SUPER FTW3 ULTRA GAMING, 08G-P4-3277-KR, 8GB GDDR6, iCX2 Technology, RGB LED, Metal Backplate",(3),"2,787.99",gpu
106,MSI,ASUS Radeon RX 5700 PCIe 4.0 VR Ready Graphics Card with 8GB GDDR6 Memory and Support for up to 6 Monitors (RX5700-8G),(3),"1,587.99",gpu
107,EVGA,MSI GeForce RTX 2060 SUPER DirectX 12 RTX 2060 SUPER GAMING 8GB 256-Bit GDDR6 PCI Express 3.0 x16 HDCP Ready Video Card,(132),907.99,gpu
108,EVGA,"EVGA GeForce RTX 2060 SC GAMING, 06G-P4-2062-KR, 6GB GDDR6, HDB Fan",(6),"5,669.99",gpu
109,EVGA,"GIGABYTE GeForce RTX 2060 Super WINDFORCE OC 8G Graphics Card, 2 x WINDFORCE Fans, 8GB 256-Bit GDDR6, GV-N206SWF2OC-8GD Video Card",(23),"1,908.99",gpu
110,ASRock,MSI GeForce RTX 2060 SUPER DirectX 12 RTX 2060 SUPER GAMING X 8GB 256-Bit GDDR6 PCI Express 3.0 x16 HDCP Ready Video Card,(2),982.99,gpu
111,MSI,"EVGA GeForce RTX 2080 SUPER XC HYBRID GAMING, 08G-P4-3188-KR, 8GB GDDR6, RGB LED Logo, Metal Backplate",(1),604.99,gpu
112,MSI,"EVGA GeForce RTX 2080 TI FTW3 ULTRA HYBRID GAMING, 11G-P4-2484-KR, 11GB GDDR6, RGB LED & iCX2 Technology - 9 Thermal Sensors",(38),"1,621.99",gpu
113,ASUS,ASUS Dual GeForce RTX 2060 DirectX 12 DUAL-RTX2060-O6G 6GB 192-Bit GDDR6 PCI Express 3.0 HDCP Ready Video Card,(57),"4,762.99",gpu
114,EVGA,ASUS GeForce GTX 1660 Super Overclocked 6GB Dual-fan EVO Edition VR Ready HDMI DisplayPort DVI Graphics Card (DUAL-GTX1660S-O6G-EVO),(36),"2,833.99",gpu
115,ASUS,SAPPHIRE PULSE Radeon RX 580 DirectX 12 11265-05-20G 8GB 256-Bit GDDR5 PCI Express 3.0 CrossFireX Support Video Cards,(6),"2,002.99",gpu
116,EVGA,MSI Radeon RX 580 DirectX 12 RX 580 ARMOR 8G OC 8GB 256-Bit GDDR5 PCI Express x16 HDCP Ready CrossFireX Support Video Card,(1),"2,040.99",gpu
117,EVGA,MSI GeForce RTX 2080 SUPER DirectX 12 RTX 2080 Super Gaming TRIO 8GB 256-Bit GDDR6 PCI Express 3.0 x16 HDCP Ready SLI Support Video Card,(14),"2,003.99",gpu
118,Sapphire Tech,MSI GeForce RTX 2070 DirectX 12 RTX 2070 ARMOR 8G OC 8GB 256-Bit GDDR6 PCI Express 3.0 x16 HDCP Ready Video Card,(25),905.99,gpu
119,EVGA,"EVGA GeForce GTX 1660 XC GAMING, 06G-P4-1163-KR, 6GB GDDR5, HDB Fan",(15),"1,549.99",gpu
120,EVGA,CORSAIR Vengeance RGB Pro 16GB (2 x 8GB) 288-Pin DDR4 SDRAM DDR4 3600 (PC4 28...,(39),"1,057.99",gpu
121,ASRock,Kingston 16GB (2 x 8GB) 240-Pin DDR3 SDRAM DDR3L 1600 (PC3L 12800) Desktop Me...,(35),454.99,gpu
122,GIGABYTE,CORSAIR Vengeance LPX 32GB (4 x 8GB) 288-Pin DDR4 SDRAM DDR4 3200 (PC4 25600)...,(2),603.99,gpu
123,ASUS,CORSAIR Vengeance LPX 128GB (4 x 32GB) 288-Pin DDR4 SDRAM DDR4 3200 (PC4 2560...,(33),"2,865.99",gpu
124,EVGA,"EVGA GeForce RTX 2080 Ti FTW3 ULTRA GAMING, 11G-P4-2487-KR, 11GB GDDR6, iCX2 & RGB LED",(15),"4,911.99",gpu
125,GIGABYTE,"EVGA GeForce RTX 2070 SUPER BLACK GAMING, 08G-P4-3071-KR, 8GB GDDR6",(60),"4,722.00",gpu
126,EVGA,ASRock Phantom Gaming X Radeon RX Vega 56 DirectX 12 RX VEGA 56 8G 8GB 2048-Bit HBM2 PCI Express 3.0 x16 HDCP Ready Video Card,(38),"1,093.99",gpu
127,EVGA,MSI GeForce GTX 1650 DirectX 12 GTX 1650 VENTUS XS 4G OC 4GB 128-Bit GDDR5 PCI Express 3.0 x16 HDCP Ready Video Card,(1),605.99,gpu
128,EVGA,MSI Radeon RX 5700 XT DirectX 12 RX 5700 XT GAMING 8GB 256-Bit GDDR6 PCI Express 4.0 x16 HDCP Ready CrossFireX Support Video Card,(9),"1,247.99",gpu
129,ASRock,ASUS ROG Strix GeForce RTX 2080 Ti DirectX 12 ROG-STRIX-RTX2080TI-11G-GAMING 11GB 352-Bit GDDR6 PCI Express 3.0 HDCP Ready SLI Support Video Card,(29),566.99,gpu
130,Sapphire Tech,"EVGA GeForce RTX 2080 SUPER BLACK GAMING, 08G-P4-3081-KR, 8GB GDDR6",(6),680.99,gpu
131,GIGABYTE,ASUS GeForce RTX 2070 Super Overclocked 8G EVO GDDR6 Dual-Fan Edition VR Ready HDMI DisplayPort Gaming Graphics Card (DUAL-RTX2070S-O8G-EVO),(2),"1,511.99",gpu
132,ASUS,"EVGA GeForce RTX 2070 SUPER XC ULTRA GAMING, 08G-P4-3173-KR, 8GB GDDR6, Dual HDB Fans, RGB LED, Metal Backplate",(4),548.99,gpu
133,GIGABYTE,"EVGA GeForce RTX 2070 SUPER XC GAMING, 08G-P4-3172-KR, 8GB GDDR6, Dual HDB Fans, RGB LED, Metal Backplate",(34),680.99,gpu
134,GIGABYTE,"SAPPHIRE NITRO+ Radeon RX 5500 XT DirectX 12 100418NT+8GSEL 8GB 128-Bit GDDR6 PCI Express 4.0 ATX Video Card, Special Edition",(101),226.99,gpu
135,GIGABYTE,"EVGA GeForce RTX 2060 SUPER SC ULTRA GAMING, 08G-P4-3067-KR, 8GB GDDR6, Dual HDB Fans, Metal Backplate",(2),"4,155.99",gpu
136,EVGA,"EVGA GeForce GTX 1660 Ti XC Black GAMING, 06G-P4-1261-KR, 6GB GDDR6, HDB Fan",(45),"4,505.21",gpu
137,MSI,ASRock Phantom Gaming D Radeon RX 570 DirectX 12 RX570 4G 4GB 256-Bit GDDR5 PCI Express 3.0 x16 HDCP Ready Video Card,(3),188.99,gpu
138,ASUS,GIGABYTE GeForce GTX 1050 Ti DirectX 12 GV-N105TD5-4GD 4GB 128-Bit GDDR5 PCI Express 3.0 x16 ATX Video Cards,(13),"1,247.99",gpu
139,MSI,ASUS Turbo GeForce RTX 2080 SUPER TURBO-RTX2080S-8G-EVO 8GB 256-Bit GDDR6 PCI Express 3.0 HDCP Ready SLI Support Video Card,(44),"1,395.99",gpu
140,EVGA,"EVGA GeForce RTX 2080 Ti XC HYBRID GAMING, 11G-P4-2384-KR, 11GB GDDR6, HYBRID, RGB LED Logo, Metal Backplate",(14),"1,701.99",gpu
141,EVGA,"GIGABYTE GeForce RTX 2080 Ti GAMING OC 11G Graphics Card, 3 x WINDFORCE Fans, 11GB 352-Bit GDDR6, GV-N208TGAMING OC-11GC Video Card",(7),"1,997.99",gpu
142,ASRock,"EVGA GeForce GTX 1660 Ti XC GAMING, 06G-P4-1263-KR, 6GB GDDR6, HDB Fan",(2),415.99,gpu
143,MSI,"EVGA GeForce GTX 1650 SC ULTRA GAMING, 04G-P4-1057-KR, 4GB GDDR5, Dual Fan, Metal Backplate",(5),609.99,gpu
144,ASUS,"EVGA GeForce RTX 2060 GAMING, 06G-P4-2060-KR, 6GB GDDR6, HDB Fan",(4),791.99,gpu
145,GIGABYTE,ASRock Phantom Gaming D Radeon RX 570 DirectX 12 RX570 8G OC 8GB 256-Bit GDDR5 PCI Express 3.0 x16 HDCP Ready Video Card,(18),"2,644.99",gpu
146,MSI,"Sapphire PULSE Radeon RX 580 8GB GDDR5 PCI-E Dual HDMI / DVI-D / Dual DP OC w/ Backplate (UEFI), 100411P8GOCL",(110),642.99,gpu
147,MSI,GIGABYTE GeForce RTX 2070 DirectX 12 GV-N2070WF2-8GD 8GB 256-Bit GDDR6 PCI Express 3.0 x16 ATX Video Card,(1),849.99,gpu
148,ASUS,ASUS ROG Strix Radeon RX 570 O4G Gaming OC Edition GDDR5 DP HDMI DVI VR Ready AMD Graphics Card (ROG-STRIX-RX570-O4G-GAMING),(4),169.99,gpu
149,ASRock,"GIGABYTE Radeon RX 580 GAMING 8G (rev. 2.0) Graphics Card, PCIe 3.0, 8GB 256-Bit GDDR5, GV-RX580GAMING-8GD REV2.0 Video Card",(4),604.99,gpu
150,GIGABYTE,GIGABYTE GeForce GT 710 DirectX 12 GV-N710D5-2GL 2GB 64-Bit DDR5 PCI Express 2.0 x8 Low Profile Video Card,(56),605.99,gpu
151,MSI,GIGABYTE RTX 2080 TI 11GB GDDR6 GV-N208TWF3-11GC PCI Express 3.0 x16 Video Card,(1),226.99,gpu
152,MSI,"EVGA GeForce RTX 2080 Ti XC ULTRA GAMING, 11G-P4-2383-KR, 11GB GDDR6, Dual HDB Fans & RGB LED",(2),350.99,gpu
153,ASUS,MSI GeForce GT 710 DirectX 12 GT 710 1GD3H LPV1 1GB 64-Bit DDR3 PCI Express 2.0 x8 HDCP Ready Low Profile Video Card,(70),"4,459.99",gpu
154,MSI,ASUS TUF Gaming GeForce RTX 2060 OC Edition 6GB GDDR6 VR Ready HDMI 2.0b DP 1.4 Auto Extreme Graphics Card (TUF-RTX2060-O6G-GAMING),(17),263.99,gpu
155,EVGA,MSI Radeon RX 5700 DirectX 12 RX 5700 GAMING X 8GB 256-Bit GDDR6 PCI Express 4.0 HDCP Ready CrossFireX Support Video Card,(36),680.99,gpu
156,MSI,"EVGA GeForce RTX 2060 SUPER XC GAMING, 08G-P4-3162-KR, 8GB GDDR6, Dual HDB Fans, RGB LED, Metal Backplate",(15),188.99,gpu
157,ASUS,"EVGA GeForce RTX 2070 SUPER GAMING, 08G-P4-3070-KR, 8GB GDDR6, RGB LED Logo",(31),718.99,gpu
158,MSI,ASRock Phantom Gaming Radeon RX 560 DirectX 12 RX560 4G 4GB 128-Bit GDDR5 PCI Express 3.0 x16 (Uses x8) HDCP Ready Video Card,(23),147.99,gpu
159,MSI,MSI GeForce GTX 1050 Ti DirectX 12 GTX 1050 Ti GAMING X 4G 4GB 128-Bit GDDR5 PCI Express 3.0 x16 HDCP Ready ATX Video Card,(94),226.99,gpu
160,ASRock,CORSAIR Vengeance RGB Pro 16GB (2 x 8GB) 288-Pin DDR4 SDRAM DDR4 3600 (PC4 28...,(23),340.99,gpu
161,ASUS,Kingston 16GB (2 x 8GB) 240-Pin DDR3 SDRAM DDR3L 1600 (PC3L 12800) Desktop Me...,(3),"2,685.47",gpu
162,ASUS,CORSAIR Vengeance LPX 32GB (4 x 8GB) 288-Pin DDR4 SDRAM DDR4 3200 (PC4 25600)...,(79),"1,284.99",gpu
163,GIGABYTE,CORSAIR Vengeance LPX 128GB (4 x 32GB) 288-Pin DDR4 SDRAM DDR4 3200 (PC4 2560...,(9),604.99,gpu
164,ASRock,ASUS AMD Radeon RX 5500 XT Overclocked O8G GDDR6 Dual Fan EVO Edition HDMI DisplayPort Gaming Graphics Card (DUAL-RX5500XT-O8G-EVO),(15),753.99,gpu
165,EVGA,GIGABYTE GeForce RTX 2080 SUPER DirectX 12 GV-N208STURBO-8GC 8GB 256-Bit GDDR6 PCI Express 3.0 x16 SLI Support ATX Video Card,(23),"3,248.99",gpu
166,MSI,MSI GeForce GTX 1050 Ti DirectX 12 GTX 1050 Ti 4GT OC 4GB 128-Bit GDDR5 PCI Express 3.0 x16 HDCP Ready ATX Video Card,(2),605.99,gpu
167,Sapphire Tech,MSI Radeon RX 5500 XT DirectX 12 RX 5500 XT GAMING X 8G 8GB 128-Bit GDDR6 PCI Express 4.0 HDCP Ready Video Card,(1),791.99,gpu
168,GIGABYTE,ASUS GeForce GT 710 1GB GDDR5 HDMI VGA DVI Graphics Card (GT710-SL-1GD5-BRK),(1),"1,058.99",gpu
169,Sapphire Tech,ASRock Phantom Gaming X Radeon RX 580 DirectX 12 RX580 8G OC 8GB 256-Bit GDDR5 PCI Express 3.0 x16 HDCP Ready Video Card,(1),321.99,gpu
170,GIGABYTE,"GIGABYTE GeForce GTX 1050 Ti OC Low Profile 4GB Video Card, GBTGV-N105TOC-4GL",(1),"1,587.99",gpu
171,ASUS,MSI GeForce GT 710 DirectX 12 GT 710 2GD3H LP 2GB 64-Bit DDR3 PCI Express 2.0 x16 HDCP Ready Low Profile Video Card,(10),831.99,gpu
172,EVGA,MSI GeForce GT 1030 DirectX 12 GT 1030 2GH LP OC 2GB 64-Bit GDDR5 PCI Express 3.0 x16 (uses x4) HDCP Ready Low Profile Video Card,(20),,gpu
173,ASUS,ASUS Dual GeForce RTX 2080 Ti DirectX 12 DUAL-RTX2080TI-O11G 11GB 352-Bit GDDR6 PCI Express 3.0 HDCP Ready SLI Support Video Card,(16),"2,680.99",gpu
174,ASUS,MSI GeForce GT 730 DirectX 12 N730-2GD3V3 2GB 128-Bit DDR3 PCI Express 2.0 x16 HDCP Ready ATX Video Card,(1),832.99,gpu
175,EVGA,"EVGA GeForce GTX 1060 SC GAMING, ACX 2.0 (Single Fan), 03G-P4-6162-KR, 3GB GDDR5, DX12 OSD Support (PXOC)",(4),"1,360.99",gpu
176,GIGABYTE,MSI GeForce GT 710 DirectX 12 GT 710 1GD3H LP 1GB 64-Bit DDR3 PCI Express 2.0 x16 HDCP Ready Low Profile Video Card,(27),453.99,gpu
177,MSI,ASUS ROG Strix GeForce GTX 1650 SUPER Advanced 4GB Edition GDDR6 HDMI 2.0 DP 1.4 Gaming Graphics Card (ROG-STRIX-GTX1650S-A4G-GAMING),(19),"2,639.99",gpu
178,ASUS,MSI GeForce 210 DirectX 10.1 N210-MD1G/D3 1GB 64-Bit DDR3 PCI Express 2.0 x16 HDCP Ready Low Profile Ready Video Card,(1),"1,170.99",gpu
179,ASRock,MSI GeForce GT 710 DirectX 12 GT 710 2GD3 LP 2GB 64-Bit DDR3 PCI Express 2.0 HDCP Ready Low Profile Video Card,(53),831.99,gpu
180,GIGABYTE,ASRock Phantom Gaming Radeon RX 550 DirectX 12 RX550 2G 2GB 128-Bit GDDR5 PCI Express 3.0 x16 (Uses x8) HDCP Ready Video Card,(3),"5,655.99",gpu
181,MSI,ASUS GeForce RTX 2080 Overclocked 8G GDDR6 Dual-Fan Edition VR Ready HDMI DP 1.4 USB Type-C Graphics Card (DUAL-RTX2080-O8G),(9),"2,827.99",gpu
182,MSI,ASUS Phoenix GeForce RTX 2060 DirectX 12 PH-RTX2060-6G 6GB 192-Bit GDDR6 PCI Express 3.0 HDCP Ready Video Card,(1),"1,357.99",gpu
183,GIGABYTE,GIGABYTE GeForce GTX 1650 SUPER DirectX 12 GV-N165SOC-4GD 4GB 128-Bit GDDR6 PCI Express 3.0 x16 Video Card,(1),"1,058.99",gpu
184,MSI,ASRock Challenger D Radeon RX 5500 XT DirectX 12 RX5500XT CLD 8GO 8GB 128-Bit GDDR6 PCI Express 4.0 x8 HDCP Ready Video Card,(17),396.99,gpu
185,EVGA,"EVGA GeForce RTX 2080 SUPER FTW3 HYDRO COPPER GAMING Video Card, 08G-P4-3289-KR, 8GB GDDR6, RGB LED, iCX2 Technology, Metal Backplate",(11),399.64,gpu
186,EVGA,MSI Radeon RX 570 DirectX 12 RX 570 ARMOR 4G OCV1 4GB 256-Bit GDDR5 PCI Express 3.0 x16 HDCP Ready CrossFireX Support ATX Video Card,(1),"2,946.99",gpu
187,EVGA,SAPPHIRE PULSE Radeon RX 5500 XT DirectX 12 100418P8GL 8GB 128-Bit GDDR6 PCI Express 4.0 ATX Video Card,(23),"2,192.99",gpu
188,EVGA,"GIGABYTE Radeon RX 5600 XT WINDFORCE OC 6G Graphics Card, 2 x WINDFORCE Fans, 6GB 192-Bit GDDR6, GV-R56XTWF2OC-6GD Video Card",(17),640.99,gpu
189,MSI,SAPPHIRE Radeon RX 550 DirectX 12 100414P4GL 4GB 128-Bit GDDR5 Video Card,(1),"1,133.99",gpu
190,ASUS,GIGABYTE GeForce RTX 2060 SUPER DirectX 12 GV-N206SGAMING OC-8GD v2.0 8GB 256-Bit GDDR6 PCI Express 3.0 x16 ATX Video Card,(1),"1,395.99",gpu
191,GIGABYTE,ASUS ROG Strix Radeon RX 580 T8G Gaming Top OC Edition GDDR5 DP HDMI DVI VR Ready AMD Graphics Card (ROG-STRIX-RX580-T8G-GAMING),(25),"2,865.99",gpu
192,EVGA,"EVGA GeForce GT 1030 SC, 02G-P4-6333-KR, 2GB GDDR5, Low Profile",(4),"2,755.99",gpu
193,MSI,ASUS Turbo GeForce RTX 2080 DirectX 12 TURBO-RTX2080-8G-EVO 8GB 256-Bit GDDR6 PCI Express 3.0 HDCP Ready SLI Support Video Card,(11),358.99,gpu
194,EVGA,ASUS TUF Gaming GeForce GTX 1660 Overclocked 6GB Dual-fan Edition HDMI DP DVI Gaming Graphics Card (TUF-GTX1660-O6G-GAMING),(4),"6,043.99",gpu
195,ASRock,"EVGA GeForce RTX 2060 XC ULTRA BLACK GAMING Video Card, 06G-P4-2163-KR, 6GB GDDR6, Dual HDB Fans",(42),"1,170.99",gpu
196,ASUS,GIGABYTE Radeon RX 550 DirectX 12 GV-RX550D5-2GD REV 2.0 2GB 128-Bit GDDR5 PCI Express 3.0 x8 ATX Video Card,(9),566.99,gpu
197,EVGA,MSI GeForce RTX 2080 SUPER DirectX 12 RTX 2080 Super Ventus XS OC 8GB 256-Bit GDDR6 PCI Express 3.0 x16 HDCP Ready SLI Support Video Card,(5),"4,759.08",gpu
198,ASUS,ASUS ASUS TUF Gaming 3 Radeon RX 5600 XT TUF 3-RX5600XT-O6G-EVO-GAMING 6GB 192-Bit GDDR6 PCI Express 4.0 HDCP Ready CrossFireX Support Video Card,(26),"1,575.99",gpu
199,GIGABYTE,ASRock Phantom Gaming X Radeon RX 590 DirectX 12 RX590 8G OC 8GB 256-Bit GDDR5 PCI Express 3.0 x16 HDCP Ready Video Card,(1),"1,133.99",gpu
200,GIGABYTE,CORSAIR Vengeance RGB Pro 16GB (2 x 8GB) 288-Pin DDR4 SDRAM DDR4 3600 (PC4 28...,(8),"1,360.99",gpu
201,ASUS,Kingston 16GB (2 x 8GB) 240-Pin DDR3 SDRAM DDR3L 1600 (PC3L 12800) Desktop Me...,(27),603.99,gpu
202,ASUS,CORSAIR Vengeance LPX 32GB (4 x 8GB) 288-Pin DDR4 SDRAM DDR4 3200 (PC4 25600)...,(60),867.99,gpu
203,GIGABYTE,CORSAIR Vengeance LPX 128GB (4 x 32GB) 288-Pin DDR4 SDRAM DDR4 3200 (PC4 2560...,(11),718.99,gpu
204,GIGABYTE,GIGABYTE AORUS GeForce RTX 2080 Ti DirectX 12 GV-N208TIXEB-11GC 11GB 256-Bit GDDR6 PCI Express 3.0 x4 SLI Support ATX Gaming Box,(26),678.99,gpu
205,MSI,MSI GeForce RTX 2080 SUPER DirectX 12 RTX 2080 SUPER SEA HAWK X 8GB 256-Bit GDDR6 PCI Express 3.0 x16 HDCP Ready SLI Support Video Card,(16),169.99,gpu
206,ASUS,MSI Radeon RX 5700 DirectX 12 RX 5700 GAMING 8GB 256-Bit GDDR6 PCI Express 4.0 x16 HDCP Ready CrossFireX Support Video Card,(37),"1,322.99",gpu
207,ASUS,GIGABYTE Radeon RX Vega 56 DirectX 12 GV-RXVEGA56GAMING OC-8GD 8GB 2048-Bit HBM2 PCI Express 3.0 x16 CrossFireX Support ATX Video Card,(40),"2,827.99",gpu
208,ASUS,MSI Radeon RX 560 DirectX 12 RX 560 AERO ITX 2G OC 2GB 128-Bit GDDR5 PCI Express x16 HDCP Ready CrossFireX Support Video Card,(74),527.99,gpu
209,MSI,"EVGA GeForce GT 1030 SC, 02G-P4-6332-KR, 2GB GDDR5, Passive, Low Profile",(7),"1,809.99",gpu
210,MSI,"EVGA GeForce RTX 2080 SUPER FTW3 GAMING, 08G-P4-3283-KR, 8GB GDDR6, iCX2 Technology, RGB LED, Metal Backplate",(2),263.99,gpu
211,ASUS,"EVGA GeForce RTX 2070 SUPER FTW3 GAMING, 08G-P4-3273-KR, 8GB GDDR6, iCX2 Technology, RGB LED, Metal Backplate",(22),"1,701.99",gpu
212,MSI,"EVGA GeForce GTX 1650 XC GAMING Video Card, 04G-P4-1153-KR, 4GB GDDR5",(23),"1,683.99",gpu
213,ASRock,MSI GeForce GTX 1660 Ti DirectX 12 GTX 1660 Ti GAMING 6G 6GB 192-Bit GDDR6 PCI Express 3.0 x16 HDCP Ready Video Card,(78),"2,644.99",gpu
214,ASUS,ASUS AMD Radeon RX 5700 Overclocked 8G GDDR6 Dual Fan EVO Edition HDMI DisplayPort Gaming Graphics Card (DUAL-RX5700-O8G-EVO),(48),"2,757.99",gpu
215,GIGABYTE,GIGABYTE GeForce RTX 2080 SUPER DirectX 12 GV-N208SGAMINGOC WB-8GD 8GB 256-Bit GDDR6 PCI Express 3.0 x16 SLI Support ATX Video Card,(46),339.99,gpu
216,Sapphire Tech,"EVGA GeForce RTX 2080 SUPER GAMING Video Card, 08G-P4-3080-KR, 8GB GDDR6, Adjustable RGB LED",(15),"1,885.99",gpu
217,GIGABYTE,MSI GeForce GT 730 DirectX 12 N730-4GD3V2 4GB 128-Bit DDR3 PCI Express 2.0 x16 HDCP Ready ATX Video Card,(5),"1,397.99",gpu
218,GIGABYTE,"EVGA GeForce RTX 2080 Ti FTW3 ULTRA HYDRO COPPER GAMING, 11G-P4-2489-KR, 11GB GDDR6, RGB LED & iCX2 Technology - 9 Thermal Sensors",(6),"5,525.31",gpu
219,MSI,ASRock Phantom Gaming D2 Radeon RX 5600 XT DirectX 12 RX5600XT PGD2 6GO 6GB 192-Bit GDDR6 PCI Express 4.0 x16 HDCP Ready Video Card,(8),"1,736.18",gpu
220,MSI,ASUS GeForce GTX 1650 4GB Phoenix Fan Overclocked Edition HDMI DP DVI Graphics Card (PH-GTX1650-O4G),(30),"2,823.06",gpu
221,GIGABYTE,"EVGA GeForce RTX 2080 Ti GAMING Video Card, 11G-P4-2380-KR, 11GB GDDR6, RGB LED Logo, Metal Backplate",(8),"2,048.99",gpu
222,MSI,ASUS Dual GeForce RTX 2060 DirectX 12 DUAL-RTX2060-A6G 6GB 192-Bit GDDR6 PCI Express 3.0 HDCP Ready Video Card,(90),"3,236.23",gpu
223,GIGABYTE,GIGABYTE GeForce RTX 2060 DirectX 12 GV-N2060IXOC-6GD rev. 2.0 6GB 192-Bit GDDR6 PCI Express 3.0 x16 ITX Video Card,(1),"3,401.99",gpu
224,ASUS,GIGABYTE GeForce RTX 2060 DirectX 12 GV-N2060GAMINGOC PRO-6GD Ver 2.0 6GB 192-Bit GDDR6 PCI Express 3.0 x16 ATX Video Card,(6),"1,102.85",gpu
225,ASUS,ASUS ROG Strix Radeon RX 560 O4GB Gaming OC Edition GDDR5 DP HDMI DVI AMD Graphics Card (ROG-STRIX-RX560-O4G-GAMING),(5),"3,818.16",gpu
226,GIGABYTE,ASUS ROG STRIX AMD Radeon RX 5500 XT Overclocked 8G GDDR6 HDMI DisplayPort Gaming Graphics Card (ROG-STRIX-RX5500XT-O8G-GAMING),(26),755.99,gpu
227,Sapphire Tech,GIGABYTE Radeon RX 5500 XT DirectX 12 GV-R55XTGAMING OC-4GD 4GB 128-Bit GDDR6 PCI Express 4.0 x16 ATX Video Card,(10),860.71,gpu
228,MSI,GIGABYTE Radeon RX 5500 XT DirectX 12 GV-R55XTOC-4GD 4GB 128-Bit GDDR6 PCI Express 4.0 x16 ATX Video Card,(2),993.49,gpu
229,MSI,MSI N210-MD1G/D3 GeForce 210 Graphic Card - 589 MHz Core - 1 GB DDR3 SDRAM,(34),"1,954.54",gpu
230,MSI,ASUS GeForce RTX 2060 Overclocked 6G GDDR6 Dual-Fan EVO Edition VR Ready HDMI DisplayPort DVI Graphics Card (DUAL-RTX2060-O6G-EVO),(119),"1,091.57",gpu
231,EVGA,ASUS GeForce RTX 2080 8G GDDR6 Dual-Fan Edition VR Ready HDMI DP USB Type-C Graphics Card (DUAL-RTX2080-8G),(10),"1,826.46",gpu
232,MSI,ASUS AREZ RX 560 O2G OC Edition GDDR5 DP HDMI DVI AMD Graphics Card (AREZ-RX560-O2G-EVO),(24),"1,657.56",gpu
233,MSI,MSI G206S-GX RTX 2060 Super Gaming x 8GB GDDR6 Twin-Frozr Cooler,(30),"2,179.51",gpu
234,GIGABYTE,MSI R7 240 2GD3 LP Radeon R7 240 Graphic Card - 730 MHz Core - 780 MHz Boost Clock - 2 GB DDR3 SDRAM - Low-profile,(82),766.74,gpu
235,MSI,Asus ROG Strix ROG-STRIX-RTX2060S-A8G-GAMING GeForce RTX 2060 SUPER Graphic Card - 8 GB GDDR6,(5),744.09,gpu
236,GIGABYTE,MSI NVIDIA GeForce RTX 2060 SUPER VENTUS GP OC 8GB GDDR6 HDMI/3DisplayPort PCI-Express Video Card,(7),935.71,gpu
237,MSI,ASRock Phantom Gaming X Radeon VII DirectX 12 Radeon VII 16G 16GB 4096-Bit HBM2 PCI Express 3.0 x16 HDCP Ready Video Card,(18),"3,751.18",gpu
238,EVGA,Asus DUAL-RTX2080S-O8G-EVO-V2 GeForce RTX 2080 SUPER Graphic Card - 8 GB GDDR6,(112),"1,296.55",gpu
239,MSI,GIGABYTE GeForce GT 1030 DirectX 12 GV-N1030OC-2GI 2GB 64-Bit GDDR5 PCI Express x16 ATX Video Card,(4),491.99,gpu
240,MSI,CORSAIR Vengeance RGB Pro 16GB (2 x 8GB) 288-Pin DDR4 SDRAM DDR4 3600 (PC4 28...,(25),"1,856.77",gpu
241,EVGA,Kingston 16GB (2 x 8GB) 240-Pin DDR3 SDRAM DDR3L 1600 (PC3L 12800) Desktop Me...,(12),"1,661.32",gpu
242,MSI,CORSAIR Vengeance LPX 32GB (4 x 8GB) 288-Pin DDR4 SDRAM DDR4 3200 (PC4 25600)...,(7),"3,277.58",gpu
243,GIGABYTE,CORSAIR Vengeance LPX 128GB (4 x 32GB) 288-Pin DDR4 SDRAM DDR4 3200 (PC4 2560...,(21),"1,432.04",gpu
244,MSI,Sapphire 11293-03-40G NITRO+ AMD Radeon RX 5700 XT 8GB GDDR6 2HDMI/2DisplayPort PCI-Express 4.0 Video Card,(2),"1,868.05",gpu
245,GIGABYTE,Refurbished: GIGABYTE GeForce RTX 2070 DirectX 12 GV-N2070WF3-8GC 8GB 256-Bit GDDR6 PCI Express 3.0 x16 ATX Video Card,(19),777.91,gpu
246,MSI,GIGABYTE AORUS GeForce RTX 2080 TI DirectX 12 GV-N208TAORUS X-11GC Video Card,(36),"1,775.99",gpu
247,EVGA,MSI GeForce RTX 2060 DirectX 12 RTX 2060 GAMING 6G 6GB 192-Bit GDDR6 PCI Express 3.0 x16 HDCP Ready Video Card,(74),"1,365.25",gpu
248,EVGA,MSI GeForce RTX 2080 SUPER DirectX 12 RTX 2080 Super Ventus OC 8GB 256-Bit GDDR6 PCI Express 3.0 x16 HDCP Ready SLI Support Video Card,(26),"1,711.34",gpu
249,GIGABYTE,Refurbished: GIGABYTE GeForce RTX 2080 DirectX 12 GV-N2080GAMING OC-8GC 8GB 256-Bit GDDR6 PCI Express 3.0 x16 SLI Support ATX Video Card,(2),"3,672.25",gpu
250,EVGA,MSI GeForce RTX 2080 SUPER DirectX 12 RTX 2080 Super Gaming X TRIO 8GB 256-Bit GDDR6 PCI Express 3.0 x16 HDCP Ready SLI Support Video Card,(7),166.40,gpu
251,MSI,Refurbished: GIGABYTE GeForce RTX 2080 Ti DirectX 12 GV-N208TGAMING OC-11GC 11GB 352-Bit GDDR6 PCI Express 3.0 x16 SLI Support ATX Video Card,(1),"3,112.19",gpu
252,GIGABYTE,ASUS TUF Gaming GeForce GTX 1660 SUPER Overclocked 6GB Edition HDMI DP DVI Gaming Graphics Card (TUF-GTX1660S-O6G-GAMING),(29),"1,593.24",gpu
253,MSI,ASUS ROG STRIX GeForce RTX 2080 SUPER Advanced Overclocked 8G GDDR6 HDMI DP 1.4 USB Type-C Gaming Graphics Card (ROG-STRIX-RTX2080S-A8G-GAMING),(6),932.12,gpu
254,EVGA,Refurbished: GIGABYTE GeForce GTX 1660 DirectX 12 GV-N1660GAMING OC-6GD 6GB 192-Bit GDDR5 PCI Express 3.0 x16 ATX Video Card,(14),200.78,gpu
255,GIGABYTE,Sapphire 11265-05-20G Radeon PULSE RX 580 8GB GDDR5 DUAL HDMI / DVI-D / DUAL DP OC  Graphic Cards,(1),718.99,gpu
256,EVGA,MSI GeForce GTX 1660 DirectX 12 GTX 1660 VENTUS XS 6G OC 6GB 192-Bit GDDR5 PCI Express 3.0 x16 HDCP Ready Video Card,(23),993.74,gpu
257,EVGA,MSI GeForce RTX 2070 DirectX 12 RTX 2070 ARMOR 8G 8GB 256-Bit GDDR6 PCI Express 3.0 x16 HDCP Ready Video Card,(33),641.79,gpu
258,EVGA,MSI GeForce GTX 1660 SUPER DirectX 12 GTX 1660 SUPER GAMING X 6GB 192-Bit GDDR6 PCI Express 3.0 x16 HDCP Ready Video Card,(14),"2,820.99",gpu
259,Sapphire Tech,"EVGA GeForce RTX 2060 SC Ultra GAMING, 06G-P4-2067-KR, 6GB GDDR6, Dual HDB Fans",(2),"1,432.04",gpu
260,EVGA,MSI GeForce GTX 1660 Ti DirectX 12 GTX 1660 TI ARMOR 6G OC 6GB 192-Bit GDDR6 PCI Express 3.0 x16 HDCP Ready Video Card,(28),724.64,gpu
261,Sapphire Tech,MSI GeForce RTX 2070 DirectX 12 RTX 2070 DUKE 8G OC 8GB 256-Bit GDDR6 PCI Express 3.0 x16 HDCP Ready Video Card,(92),"1,432.04",gpu
262,ASUS,GIGABYTE GeForce GTX 1050 Ti DirectX 12 GV-N105TOC-4GD 4GB 128-Bit GDDR5 PCI Express 3.0 x16 ATX Video Cards,(5),333.11,gpu
263,EVGA,MSI GeForce GTX 1050 Ti DirectX 12 GTX 1050 TI 4GT LP 4GB 128-Bit GDDR5 PCI Express 3.0 x16 HDCP Ready Low Profile Video Card,(45),"1,296.72",gpu
264,ASUS,"GIGABYTE GeForce GTX 1650 MINI ITX OC 4G Graphics Card, Mini ITX Form Factor, 4GB 128-Bit GDDR5, GV-N1650IXOC-4GD Video Card",(11),243.80,gpu
265,MSI,MSI GeForce RTX 2080 DirectX 12 RTX 2080 AERO 8G 8GB 256-Bit GDDR6 PCI Express 3.0 x16 HDCP Ready SLI Support Video Card,(45),751.71,gpu
266,EVGA,"EVGA GeForce GTX 1660 Ti SC ULTRA GAMING, 06G-P4-1667-KR, 6GB GDDR6, Dual Fan, Metal Backplate",(19),234.01,gpu
267,MSI,Refurbished: MSI Radeon RX 580 DirectX 12 RX 580 ARMOR 4G OC 4GB 256-Bit GDDR5 PCI Express x16 HDCP Ready CrossFireX Support Video Card,(22),804.33,gpu
268,EVGA,MSI Radeon RX 580 DirectX 12 Radeon RX 580 8G V1 8GB 256-Bit GDDR5 PCI Express x16 HDCP Ready CrossFireX Support Video Card,(3),378.79,gpu
269,ASUS,EVGA GeForce GTX 1060 DirectX 12 06G-P4-6262-KR 6GB 192-Bit GDDR5 PCI Express 3.0 Video Card,(52),"1,454.59",gpu
270,GIGABYTE,MSI GeForce RTX 2080 DirectX 12 RTX 2080 VENTUS 8G 8GB 256-Bit GDDR6 PCI Express 3.0 x16 HDCP Ready SLI Support Video Card,(3),"3,153.54",gpu
271,ASUS,"GIGABYTE GeForce GTX 1660 Ti WINDFORCE OC 6G Graphics Card, 2 x WINDFORCE Fans, 6GB 192-Bit GDDR6, GV-N166TWF2OC-6GD Video Card",(1),849.28,gpu
272,ASUS,MSI Radeon RX 5700 DirectX 12 RX 5700 8G 8GB 256-Bit GDDR6 PCI Express 4.0 HDCP Ready Video Card,(62),405.90,gpu
273,MSI,"GIGABYTE GeForce GTX 1650 WINDFORCE OC 4G Graphics Card, 2 x WINDFORCE Fans, 4GB 128-Bit GDDR5, GV-N1650WF2OC-4GD Video Card",(3),465.96,gpu
274,ASUS,Refurbished: MSI GeForce RTX 2070 DirectX 12 RTX 2070 GAMING Z 8G 8GB 256-Bit GDDR6 PCI Express 3.0 x16 HDCP Ready Video Card,(62),"2,179.87",gpu
275,GIGABYTE,"EVGA GeForce RTX 2060 XC GAMING, 6GB GDDR6, HDB Fan Graphics Card 06G-P4-2063-KR",(3),384.93,gpu
276,MSI,"EVGA GeForce RTX 2060 XC ULTRA GAMING, 6GB GDDR6, Dual HDB Fans Graphics Card 06G-P4-2167-KR",(8),563.77,gpu
277,Sapphire Tech,"GIGABYTE AORUS GeForce RTX 2080 Super 8G Graphics Card, WINDFORCE Stack, 8GB 256-Bit GDDR6, GV-N208SAORUS-8GC Video Card",(26),377.99,gpu
278,ASUS,EVGA GeForce 210 DirectX 10.1 01G-P3-1313-KR 1GB 64-Bit DDR3 PCI Express 2.0 HDCP Ready Low Profile Ready Video Card,(76),"1,541.04",gpu
279,GIGABYTE,MSI GeForce RTX 2080 SUPER DirectX 12 RTX 2080 Super Aero 8GB 256-Bit GDDR6 PCI Express 3.0 x16 HDCP Ready SLI Support Video Card,(34),"1,037.37",gpu
280,ASUS,CORSAIR Vengeance RGB Pro 16GB (2 x 8GB) 288-Pin DDR4 SDRAM DDR4 3600 (PC4 28...,(27),"3,570.76",gpu
281,EVGA,Kingston 16GB (2 x 8GB) 240-Pin DDR3 SDRAM DDR3L 1600 (PC3L 12800) Desktop Me...,(9),220.74,gpu
282,GIGABYTE,CORSAIR Vengeance LPX 32GB (4 x 8GB) 288-Pin DDR4 SDRAM DDR4 3200 (PC4 25600)...,(17),"1,998.99",gpu
283,ASUS,CORSAIR Vengeance LPX 128GB (4 x 32GB) 288-Pin DDR4 SDRAM DDR4 3200 (PC4 2560...,(16),"1,696.23",gpu
284,ASUS,GIGABYTE GeForce RTX 2060 DirectX 12 GV-N2060WF2OC-6GD R2 6GB 192-Bit GDDR6 PCI Express 3.0 x16 ATX Video Card,(75),"1,195.46",gpu
285,MSI,MSI GeForce GTX 1650 DirectX 12 GTX 1650 GAMING X 4G 4GB 128-Bit GDDR5 PCI Express 3.0 x16 HDCP Ready Video Card,(20),"1,097.51",gpu
286,ASUS,EVGA GeForce GT 710 DirectX 12 01G-P3-2711-KR 1GB 64-Bit DDR3 PCI Express 2.0 Low Profile Video Card,(23),"1,627.49",gpu
287,MSI,Refurbished: GIGABYTE GeForce GTX 1660 DirectX 12 GV-N1660OC-6GD 6GB 192-Bit GDDR5 PCI Express 3.0 x16 ATX Video Card,(3),"1,229.07",gpu
288,Sapphire Tech,"EVGA GeForce GTX 1660 XC Ultra GAMING, 06G-P4-1167-KR, 6GB GDDR5, Dual HDB Fans",(1),"1,030.79",gpu
289,EVGA,"EVGA GeForce GTX 1650 XC Black GAMING Video Card, 04G-P4-1151-KR, 4GB GDDR5",(4),453.99,gpu
290,MSI,"EVGA GeForce RTX 2080 FTW3 ULTRA GAMING, 08G-P4-2287-KR, 8GB GDDR6, iCX2 & RGB LED",(7),"4,232.75",gpu
291,Sapphire Tech,"Sapphire Radeon NITRO+ RX 580 8GB GDDR5 PCI-E Dual HDMI / DVI-D / Dual DP w/ Backplate (UEFI), 100411NT+8GL",(8),567.99,gpu
292,ASUS,"EVGA GeForce GTX 1650 SUPER SC ULTRA GAMING Video Card, 04G-P4-1357-KR, 4GB GDDR6, Dual Fan, Metal Backplate",(33),602.90,gpu
293,ASUS,Sapphire Radeon NITRO+ RX 580 4GB GDDR5 PCI-E Dual HDMI / DVI-D / Dual DP w/ Backplate (UEFI),(33),"4,901.35",gpu
294,GIGABYTE,ASUS Radeon R7 240 DirectX 11.2 R7240-2GD3-L 2GB 128-Bit DDR3 PCI Express 3.0 HDCP Ready Low Profile Video Card,(33),"1,860.53",gpu
295,Sapphire Tech,"EVGA GeForce GTX 1060 GAMING, ACX 2.0 (Single Fan), 03G-P4-6160-KR, 3GB GDDR5, DX12 OSD Support (PXOC), Only 6.8 Inches",(2),566.99,gpu
296,MSI,ASUS GeForce GT 710 2GB GDDR5 HDMI VGA DVI Graphics Card (GT710-SL-2GD5-CSM),(2),"1,578.63",gpu
297,EVGA,MSI GeForce GTX 1650 SUPER DirectX 12 GTX 1650 Super Ventus XS OC 4GB 128-Bit GDDR6 PCI Express 3.0 x16 HDCP Ready Video Card,(2),"2,616.04",gpu
298,EVGA,EVGA GeForce GT 710 DirectX 12 02G-P3-2713-KR 2GB 64-Bit DDR3 PCI Express 2.0 Video Card,(61),650.22,gpu
299,ASUS,MSI Radeon RX 570 DirectX 12 RX 570 ARMOR 8G OC 8GB 256-Bit GDDR5 PCI Express x16 HDCP Ready CrossFireX Support ATX Video Card,(7),"2,668.66",gpu
300,GIGABYTE,EVGA GeForce GT 1030 DirectX 12 02G-P4-6338-KR 2GB 64-Bit GDDR5 PCI Express 3.0 Video Card,(5),"1,469.62",gpu
301,GIGABYTE,ASUS Radeon RX 580 O4G Dual-fan OC Edition GDDR5 DP HDMI DVI VR Ready AMD Graphics Card (DUAL-RX580-O4G),(9),860.59,gpu
302,MSI,"GIGABYTE GeForce RTX 2070 GAMING 8G Graphics Card, 3 x WINDFORCE Fans, 8GB 256-Bit GDDR6, GV-N2070GAMING-8GC Video Card",(1),"1,608.70",gpu
303,MSI,ASUS GeForce GTX 1650 SUPER Overclocked 4GB Phoenix Fan Edition HDMI DP DVI Graphics Card (PH-GTX1650S-O4G),(10),"1,067.24",gpu
304,MSI,ASUS GeForce GT 1030 2GB Phoenix Fan OC Edition HDMI DVI Graphics Card (PH-GT1030-O2G),(33),"2,073.05",gpu
305,GIGABYTE,MSI GeForce GT 1030 DirectX 12 GT 1030 2G LP OC 2GB 64-Bit GDDR5 PCI Express 3.0 x16 (uses x4) HDCP Ready Low Profile Video Card,(1),"1,308.00",gpu
306,ASUS,ASUS Turbo GeForce RTX 2070 SUPER TURBO-RTX2070S-8G-EVO 8GB 256-Bit GDDR6 PCI Express 3.0 HDCP Ready SLI Support Video Card,(3),710.36,gpu
307,GIGABYTE,"GIGABYTE GeForce GT 1030 Low Profile 2GB, GV-N1030D5-2GL",(6),800.57,gpu
308,GIGABYTE,MSI GeForce GT 730 DirectX 12 N730K-2GD5LP/OC 2GB 64-Bit GDDR5 PCI Express 2.0 x16 HDCP Ready Video Card,(6),"3,844.44",gpu
309,GIGABYTE,Refurbished: SAPPHIRE PULSE Radeon RX 570 DirectX 12 11266-04 4GB 256-Bit GDDR5 PCI Express 3.0 CrossFireX Support ATX Video Card,(16),856.95,gpu
310,GIGABYTE,ASUS Dual GeForce GTX 1060 DirectX 12 DUAL-GTX1060-O3G 3GB 192-Bit GDDR5 PCI Express 3.0 HDCP Ready Video Card,(67),"3,602.46",gpu
311,EVGA,GIGABYTE GeForce GTX 1060 Mini ITX OC 3GB GV-N1060IXOC-3GD Video Card,(192),"1,138.86",gpu
312,GIGABYTE,ASUS GeForce RTX 2080 Advanced Overclocked 8G GDDR6 Dual-Fan Edition VR Ready HDMI DP USB Type-C Graphics Card (DUAL-RTX2080-A8G),(29),"1,375.66",gpu
313,Sapphire Tech,EVGA GeForce GT 710 DirectX 12 02G-P3-2717-KR 2GB 64-Bit DDR3 PCI Express 2.0 Video Card,(32),994.64,gpu
314,ASUS,Refurbished: GIGABYTE GeForce RTX 2080 DirectX 12 GV-N2080TURBO-8GC 8GB 256-Bit GDDR6 PCI Express 3.0 x16 SLI Support ATX Video Cards,(1),353.28,gpu
315,ASUS,ASUS Turbo GeForce RTX 2060 SUPER TURBO-RTX2060S-8G-EVO 8GB 256-Bit GDDR6 PCI Express 3.0 HDCP Ready Video Card,(25),"1,133.99",gpu
316,Sapphire Tech,ASUS ROG Strix GeForce GTX 1660 SUPER Advanced 6GB Edition GDDR6 HDMI 2.0 DP 1.4 Gaming Graphics Card (ROG-STRIX-GTX1660S-A6G-GAMING),(1),"1,623.73",gpu
317,MSI,MSI Radeon RX 580 DirectX 12 RX 580 ARMOR 4G OC 4GB 256-Bit GDDR5 PCI Express x16 HDCP Ready CrossFireX Support Video Card,,"1,118.88",gpu
318,Sapphire Tech,ASUS Phoenix GeForce GTX 1060 PH-GTX1060-6G 6GB 192-Bit GDDR5 PCI Express 3.0 HDCP Ready Video Card,,"1,379.11",gpu
319,ASUS,MSI GeForce GTX 1050 DirectX 12 GTX 1050 GAMING X 2G 2GB 128-Bit GDDR5 PCI Express 3.0 x16 HDCP Ready ATX Video Card,,"1,851.94",gpu
320,EVGA,CORSAIR Vengeance RGB Pro 16GB (2 x 8GB) 288-Pin DDR4 SDRAM DDR4 3600 (PC4 28...,,326.92,gpu
321,MSI,Kingston 16GB (2 x 8GB) 240-Pin DDR3 SDRAM DDR3L 1600 (PC3L 12800) Desktop Me...,,"1,503.45",gpu
322,MSI,CORSAIR Vengeance LPX 32GB (4 x 8GB) 288-Pin DDR4 SDRAM DDR4 3200 (PC4 25600)...,,851.40,gpu
323,EVGA,CORSAIR Vengeance LPX 128GB (4 x 32GB) 288-Pin DDR4 SDRAM DDR4 3200 (PC4 2560...,,414.75,gpu
324,ASUS,"Sapphire NITRO+ Radeon RX 570 8GB GDDR5 PCI-E Dual HDMI / DVI-D / Dual DP w/ Backplate (UEFI), 100412NT+8GL",,616.39,
